4.36297e-08;3.53151e-07;-2.75137e-07;2.85828e-08;-1.12861e-08;-5.78354e-07;1.16601e-07;1.29757e-07;-1.62224e-07
2.93025e-06;-2.90789e-06;-1.02324e-07;-4.98772e-06;-4.9703e-06;-1.36421e-05;-2.89707e-06;2.96005e-06;-1.01268e-07
8.9977e-07;-2.7313e-06;-1.95621e-06;-2.73464e-06;9.00334e-07;-1.99855e-06;-2.84262e-07;-2.15851e-07;-2.42213e-06
-1.69162e-07;-7.79262e-08;-1.89918e-07;-2.63616e-07;-1.26422e-07;-3.87077e-07;-1.20864e-07;-1.1632e-07;-3.86151e-07
-5.67478e-08;-1.02214e-07;-4.98747e-07;-6.28535e-08;-1.34695e-07;-5.27936e-07;-6.38185e-08;-2.12764e-08;-5.04204e-07
-1.89801e-07;-5.61702e-07;-1.96054e-06;1.81528e-07;-6.25394e-07;-9.0796e-07;3.0872e-07;-9.52656e-07;-9.14068e-08
9.81565e-08;-2.73444e-07;-1.21612e-07;1.38633e-07;-3.69262e-07;4.45496e-08;2.19987e-07;-5.08914e-07;-4.48785e-07
-8.57994e-07;1.18671e-07;4.24151e-07;-1.90645e-07;3.63546e-08;1.23385e-07;-5.28636e-07;1.52262e-07;1.17947e-07
3.87171e-07;-8.06481e-07;1.92896e-07;3.51537e-07;-1.48595e-06;-7.24159e-07;-2.8057e-07;-6.89207e-07;-2.27563e-06
-8.5969e-08;-1.2461e-07;-5.05839e-07;1.29716e-08;-1.0957e-07;-4.97032e-07;-2.03895e-07;-7.16911e-08;-7.02108e-08
-2.47239e-07;1.07823e-07;-1.67704e-07;-2.82989e-07;5.40426e-08;5.63431e-09;-2.21364e-07;4.17147e-08;-1.11275e-08
2.71011e-07;4.57704e-08;-3.35983e-07;-2.63977e-07;2.94307e-08;-5.30236e-07;-1.00747e-07;-1.05554e-08;-1.60935e-07
2.89979e-08;-7.805e-08;-1.0293e-07;1.17975e-07;-1.9837e-07;-5.97005e-08;8.94569e-08;-2.75453e-07;-1.54372e-07
-5.47527e-08;-2.16692e-07;-4.0067e-08;-1.4832e-07;-7.49816e-08;-1.48635e-07;-4.76511e-08;-3.4402e-08;-2.49992e-07
3.69817e-09;-2.12444e-07;-2.76709e-07;9.39841e-08;-2.66857e-07;-1.22259e-07;1.09877e-07;-2.34112e-07;-1.02992e-07
1.03351e-07;-2.67972e-07;-1.11448e-07;4.19587e-08;-2.01239e-07;-1.40632e-07;8.13432e-08;-2.806e-07;2.14766e-08
7.31185e-08;-2.6902e-07;-4.45868e-08;3.25198e-08;-1.18701e-07;-1.68285e-07;3.8284e-08;-2.20707e-07;-1.23697e-07
-4.37874e-07;-9.5201e-08;-1.94999e-07;-5.8251e-08;1.21785e-07;-3.61723e-07;-5.0017e-09;-2.45553e-07;-2.71966e-07
8.03061e-08;-2.46558e-07;-1.2768e-08;8.8855e-08;-2.60944e-07;-1.09653e-07;2.60362e-08;-1.47205e-07;-1.99312e-07
-6.3969e-08;-8.15571e-08;-7.27205e-07;-6.96354e-08;-3.09963e-07;-6.58626e-07;-2.33677e-07;1.30845e-08;-4.08992e-07
1.07108e-07;-2.56635e-07;-2.73298e-07;1.02247e-07;-2.20038e-07;-4.8776e-08;1.3751e-07;-3.49185e-07;-5.08493e-07
-4.15685e-07;3.96568e-07;2.79486e-07;-4.06524e-07;-2.42266e-07;7.737e-07;-3.59787e-08;1.02429e-07;1.91053e-07
-6.75563e-07;2.18808e-07;-7.37425e-08;-4.57455e-07;1.86303e-07;2.98893e-08;-7.68389e-07;1.94227e-07;-8.63737e-07
1.86612e-10;-1.38398e-07;-4.48419e-07;5.73601e-08;-1.07263e-07;-5.3378e-07;-1.69744e-07;9.3639e-08;-4.7176e-07
-1.55172e-08;-2.38164e-08;1.1908e-07;8.77351e-08;-5.30873e-08;4.64123e-07;8.93438e-08;-4.28039e-08;4.32906e-08
-6.94299e-08;3.07886e-08;-7.4518e-07;-3.05809e-07;1.02971e-07;-4.63125e-07;-2.22494e-07;9.49122e-08;-7.54897e-08
1.8042e-07;-4.86179e-07;3.8069e-08;1.95148e-07;-6.15879e-07;-7.94043e-07;1.6746e-07;-4.38183e-07;-3.97127e-07
1.19499e-07;-5.84427e-08;-1.48697e-07;-1.07531e-08;-8.46698e-08;3.47785e-08;-2.49296e-08;-1.1639e-07;-7.12748e-08
2.00454e-08;-5.3806e-08;-6.36186e-08;1.37485e-07;-1.07268e-07;4.53827e-08;2.43873e-07;-6.37515e-08;1.3786e-07
1.46052e-08;-5.9989e-08;-5.8075e-07;1.77172e-09;-2.27303e-08;-4.46918e-07;2.0247e-08;-3.04099e-09;-4.38166e-07
7.51006e-08;-2.7661e-08;6.96664e-08;1.84389e-07;-1.12426e-07;3.43144e-07;2.08158e-07;-1.69124e-07;1.48367e-08
-1.15551e-07;7.16161e-08;-1.06352e-07;-1.78284e-07;2.11877e-08;-6.80438e-07;-3.15712e-07;1.00275e-07;-6.82114e-08
-4.4365e-07;2.56496e-07;-4.30853e-07;-3.622e-08;3.71898e-07;-4.01674e-07;-4.05881e-08;1.95706e-07;-6.95315e-08
1.34273e-07;-1.99047e-07;-6.51327e-08;-5.05047e-08;-8.36097e-08;-1.6812e-07;1.22278e-07;3.64375e-08;-1.08138e-07
-8.77308e-08;-7.2843e-08;-5.33935e-07;-2.20941e-07;1.44869e-08;-2.18681e-07;-2.91173e-08;2.76126e-08;-5.88363e-07
-1.50973e-08;-2.78664e-07;-6.03384e-07;-1.29974e-07;-3.69499e-08;-8.21424e-08;5.26394e-08;-4.57333e-07;-3.01735e-07
8.64485e-08;-2.6893e-08;-4.29752e-07;2.26677e-07;-1.44551e-07;8.15853e-08;1.43622e-07;-7.38297e-08;-7.34038e-07
-1.20305e-07;-8.37148e-08;-1.42397e-07;-1.69286e-07;3.60876e-08;-8.28055e-08;-7.15584e-08;-4.65983e-08;-2.12413e-07
-4.31352e-08;-1.18001e-07;-1.70437e-07;-4.89957e-08;-8.05982e-08;-2.31562e-07;1.71207e-07;-1.42261e-07;-1.3142e-07
4.85874e-07;-2.19916e-07;5.90623e-08;1.47724e-07;-6.34599e-08;-7.7196e-07;2.6001e-07;-1.22203e-07;-7.05243e-09
4.02345e-08;2.53248e-08;5.75367e-08;2.61748e-07;-1.28408e-07;1.33035e-07;1.4501e-07;-4.0995e-08;-4.34138e-07
-3.87713e-08;-2.9514e-07;-5.69159e-07;-3.9602e-07;-1.95519e-07;-9.23304e-07;-1.1986e-07;1.65855e-08;2.73138e-08
2.84856e-10;-5.43688e-08;-1.3407e-07;-1.95133e-08;-7.03982e-08;-1.78506e-07;-1.84808e-07;2.27252e-08;-1.11927e-07
-7.65404e-07;-2.34826e-07;-2.20495e-06;-1.4463e-06;3.36848e-07;-7.34998e-07;-7.99772e-07;4.02438e-07;1.55546e-07
-1.4801e-07;1.30241e-07;-5.36605e-07;4.04317e-08;-8.73286e-08;-5.0502e-07;-1.06107e-08;6.76474e-08;-5.16976e-07
1.95868e-07;-4.58662e-07;-5.79548e-07;1.3883e-07;-2.34952e-07;-3.50242e-07;1.14606e-07;2.41e-07;-2.33581e-07
-5.77329e-08;3.93529e-08;-4.6696e-07;-2.05414e-07;1.52658e-07;-1.23229e-07;-5.99765e-08;-1.1368e-09;-7.17061e-08
1.32059e-07;-2.18368e-07;-4.7327e-07;-4.93463e-08;-1.01492e-07;-5.66027e-07;4.67563e-08;-1.80293e-07;-4.19907e-07
-1.42213e-07;-1.06115e-08;-3.79864e-07;-3.92268e-08;-2.90206e-08;-1.28545e-07;-7.42328e-08;-1.27439e-07;-6.00714e-07
-7.80827e-08;-1.15182e-07;-5.79559e-07;-9.10142e-08;1.44293e-07;-4.38688e-07;-1.95092e-07;4.33747e-07;1.19454e-09
-1.28992e-09;-1.99637e-08;-3.77129e-08;1.05819e-07;-2.61714e-07;-2.32074e-07;-3.87852e-08;-1.34922e-07;-5.22805e-07
1.2663e-07;-4.4041e-08;-3.26453e-07;1.4373e-07;-1.74978e-07;-4.05577e-07;1.72967e-07;-2.19786e-07;-1.09228e-07
-7.13357e-09;-5.10386e-07;-8.09409e-07;-1.108e-07;-4.10745e-07;-8.91806e-07;-2.5729e-07;6.70787e-08;-3.74825e-07
7.05666e-09;4.35346e-08;-2.68569e-07;-1.24202e-07;-9.09702e-08;-3.8837e-07;-4.94483e-09;7.77311e-08;-3.98943e-09
1.11161e-07;-2.78205e-07;-1.24151e-07;5.49151e-08;-2.73316e-07;-1.98826e-07;7.67814e-08;-2.99633e-07;7.45881e-09
3.35419e-07;-2.47862e-07;2.16239e-07;2.13602e-07;-1.58735e-07;-6.78711e-08;1.816e-07;-1.12005e-07;3.40174e-07
3.77872e-07;-1.88894e-07;-5.16685e-07;2.8613e-07;-1.41602e-07;-7.30656e-07;1.2049e-07;-8.0468e-08;-6.9253e-07
-1.71548e-08;1.97868e-08;-3.70274e-09;9.30155e-09;-6.66675e-08;1.25001e-07;4.77581e-08;-4.62928e-08;1.22225e-07
9.30422e-08;-6.41146e-08;5.03827e-08;-1.02712e-08;-1.5778e-08;9.54489e-08;6.78341e-08;4.60926e-09;2.49256e-08
6.21619e-07;-2.28623e-07;2.22916e-08;1.03255e-06;-3.15573e-07;-1.39134e-07;8.73799e-07;-2.70596e-07;5.08735e-09
-1.53451e-08;-1.37486e-07;-4.99919e-07;-1.63236e-07;1.1666e-07;-4.4316e-07;-2.04828e-07;5.50111e-08;-1.082e-07
3.22043e-08;-4.03053e-08;7.75005e-08;3.01414e-09;-6.29011e-08;1.0737e-07;5.6794e-08;-5.13931e-08;9.1968e-08
-2.54997e-07;-1.00067e-07;-3.64762e-07;-4.17466e-08;-4.94471e-08;8.34046e-08;-5.59922e-08;-3.63652e-08;-2.67337e-08
4.93599e-07;-1.19162e-06;-9.49229e-07;-1.51745e-07;-4.7589e-07;-4.10782e-07;-7.22316e-08;1.64386e-07;1.26392e-07
3.30256e-08;-4.34237e-08;-8.92301e-08;1.90174e-08;-6.19693e-08;-3.58075e-07;1.27808e-07;-9.17145e-08;2.36175e-08
-1.87452e-07;1.28569e-07;-5.6596e-07;3.19135e-08;6.62974e-08;-5.36067e-07;3.00489e-08;2.01915e-07;-4.31799e-07
-1.83842e-07;-5.03577e-09;2.76901e-08;4.14628e-07;-2.39204e-07;2.96662e-07;8.33313e-07;-1.63598e-07;-7.05818e-07
-2.10008e-07;6.43883e-07;5.22732e-07;6.55802e-07;9.39253e-08;1.08308e-06;4.11153e-07;-4.02268e-07;3.48132e-07
-6.69388e-07;4.35383e-08;-5.85442e-07;-1.55964e-07;9.19938e-08;-2.08649e-08;-1.83394e-08;-7.90508e-08;-5.15323e-07
-9.47259e-08;1.87841e-07;-1.01197e-07;1.12468e-06;-2.70125e-07;1.29021e-06;4.77147e-07;-1.42429e-06;-1.14013e-06
4.40371e-07;5.47037e-07;9.92114e-07;1.31597e-06;1.49264e-07;1.46588e-06;-8.83327e-07;4.85788e-07;-2.00826e-07
-1.872e-07;-2.51139e-08;-1.90504e-07;-6.79513e-08;1.71864e-07;-5.36083e-09;-2.32324e-07;5.02688e-08;7.53824e-08
-5.35311e-07;8.00023e-08;-3.17563e-07;-4.9825e-07;1.61326e-07;8.16144e-08;-2.34912e-07;3.06974e-08;1.48722e-07
-9.01389e-09;-2.9791e-07;-5.43097e-07;-1.9627e-07;-3.1376e-08;-9.62897e-08;-1.32631e-07;-1.13025e-07;-1.16748e-07
-2.97314e-08;-3.48533e-07;5.38087e-08;2.32769e-07;-1.07094e-07;-2.27428e-07;1.92737e-08;-2.73521e-08;1.17038e-07
-2.3984e-07;8.44648e-08;-1.24164e-07;-3.09205e-07;2.16557e-07;-1.63802e-07;-2.82552e-07;7.07832e-08;1.10488e-08
3.99309e-08;-2.68378e-07;7.14993e-07;1.72027e-07;-5.04329e-07;-3.87842e-08;7.06311e-08;-2.92659e-07;2.55875e-07
2.04594e-07;-1.82318e-07;-9.78688e-08;2.99332e-07;-1.16219e-07;2.05928e-07;8.25385e-08;-2.71766e-08;-1.30795e-07
-1.7065e-07;2.56225e-07;-3.58934e-07;-3.24e-07;6.39949e-07;9.43576e-07;-7.20548e-08;4.03985e-07;-2.02113e-07
-1.65686e-07;4.89647e-08;-1.22672e-07;1.51985e-07;-2.77945e-08;1.66311e-07;-1.55534e-08;-3.88034e-08;-3.27522e-07
6.96939e-08;-3.00866e-07;2.68668e-07;-2.49818e-08;-1.05215e-07;5.00583e-07;9.40395e-08;-2.37796e-07;6.33161e-07
-1.66201e-06;5.29328e-07;-8.6601e-07;2.80514e-07;8.43091e-07;1.65805e-06;6.06723e-09;1.61386e-07;-4.73961e-07
-3.35746e-07;5.75306e-08;8.48201e-08;-2.85406e-07;8.05609e-08;7.81262e-08;-2.58648e-07;-5.49315e-09;-1.01087e-07
4.54843e-08;1.69202e-07;9.96978e-08;-2.9773e-07;5.47382e-08;1.63907e-07;-2.7728e-07;5.03114e-08;7.47647e-08
1.42394e-07;8.88116e-09;6.62661e-07;3.60053e-07;-2.40766e-07;1.84746e-07;1.71493e-07;-1.02566e-07;3.40574e-07
-3.33821e-07;1.98843e-08;-7.89295e-08;-3.23919e-07;7.1201e-08;4.0011e-08;-2.96319e-07;1.44291e-07;-7.18325e-08
8.57614e-08;-3.22917e-08;5.11778e-07;2.37819e-07;-5.61365e-08;5.16522e-07;-5.1206e-08;-4.52661e-08;5.11732e-08
-5.14308e-07;1.63831e-07;8.62811e-08;-2.93536e-07;3.85881e-08;1.66074e-07;-2.21168e-07;1.75234e-08;1.04706e-07
-2.6244e-07;6.39183e-08;2.58122e-08;7.70107e-08;-1.4427e-08;4.74285e-07;-4.47403e-08;-2.97246e-08;1.24639e-08
-1.69231e-07;-4.86434e-07;-1.14479e-06;-3.25459e-07;2.15291e-08;-2.75854e-07;-2.49272e-07;-3.1018e-08;-3.67186e-07
3.18286e-08;-2.8771e-07;9.22061e-08;1.18141e-07;-5.27064e-07;1.38602e-07;3.42579e-07;-1.01832e-06;1.58628e-07
9.19117e-07;-3.10742e-07;5.84803e-09;5.9352e-07;-2.11913e-07;-1.93144e-07;3.59265e-07;-1.60554e-07;-3.25738e-07
5.05187e-07;-1.76835e-07;-7.19766e-08;7.20518e-07;-2.13443e-07;5.91999e-08;3.12077e-07;-1.30308e-07;-5.27631e-07
3.91226e-08;-8.1518e-08;6.34744e-08;2.27078e-07;-9.27711e-08;-4.7008e-08;1.39522e-07;-4.23802e-08;1.46582e-07
-5.4534e-07;8.04507e-07;-3.01416e-07;-1.68901e-07;-5.65644e-07;-1.89728e-06;-6.33507e-07;4.89655e-08;-1.31779e-06
1.93963e-07;3.42682e-07;-5.95021e-07;-4.69436e-07;3.2383e-07;-4.75187e-07;-9.98347e-07;7.23994e-07;-6.42065e-08
3.49604e-07;-1.74539e-07;-3.78048e-07;7.96956e-07;-2.67758e-07;-5.84418e-08;9.23837e-07;-2.94344e-07;6.53179e-08
3.71113e-07;-1.5377e-07;-5.02998e-07;5.56039e-08;-5.62359e-08;-7.7233e-07;6.00016e-07;-2.39393e-07;2.22018e-08
1.00919e-08;-6.07019e-07;-6.80998e-07;-5.87017e-07;-4.20112e-07;-1.41784e-06;8.62468e-08;-4.18854e-07;-1.02916e-06
1.70474e-08;-1.19286e-07;-2.03372e-07;3.26067e-08;-1.49753e-07;-5.33923e-07;-7.8609e-08;-2.11916e-08;-4.44378e-07
1.35256e-10;-5.35488e-08;7.40612e-08;4.86459e-09;-8.87592e-08;1.31025e-07;1.10897e-08;-1.38926e-07;9.42465e-08
1.03882e-06;-3.17722e-07;3.84361e-08;3.50515e-07;-1.22098e-07;-1.8094e-07;9.46243e-07;-2.80783e-07;-7.88183e-08
1.37572e-08;-5.74883e-08;-5.42617e-07;3.69156e-08;-1.5596e-07;-5.28451e-07;-8.98654e-09;-2.34071e-08;-4.57958e-07
2.67291e-07;-5.48601e-07;-4.35725e-07;-3.14795e-07;-6.88507e-07;-1.71213e-06;-1.05346e-06;-3.17702e-07;-1.41156e-06
8.64042e-08;-2.67914e-07;-1.81043e-07;8.902e-08;-2.46225e-07;-9.98041e-08;1.25886e-07;-3.35159e-07;-6.54554e-08
1.77194e-08;3.48069e-08;4.69208e-08;1.10954e-07;-6.23506e-08;-3.71686e-07;-5.73539e-08;3.3882e-09;-2.94664e-07
-3.05169e-07;2.36611e-07;-1.52934e-07;9.01156e-09;1.49658e-08;-1.26548e-07;-3.85547e-07;-1.01743e-07;-6.17834e-07
-3.05237e-07;1.45631e-07;-8.46366e-08;1.30425e-07;-5.33763e-07;-1.00226e-06;-9.90886e-07;-4.05528e-07;-2.14934e-06
6.23211e-08;-2.39095e-07;-2.17408e-08;8.53957e-08;-2.09662e-07;-1.04132e-07;3.61524e-08;-1.87243e-07;-2.23885e-07
7.29073e-07;1.35358e-06;2.38278e-06;8.54226e-07;9.51565e-09;1.58509e-06;-4.83563e-08;-5.61868e-07;-1.43009e-06
8.25105e-07;1.76708e-07;1.26482e-06;6.11424e-07;-1.28029e-07;-3.42524e-07;-2.65574e-07;1.43084e-07;1.22794e-06
1.24942e-07;-2.65175e-07;-7.66273e-08;9.26802e-08;-2.19548e-07;2.61379e-07;9.22978e-08;-2.80402e-07;2.39415e-07
6.68152e-07;-4.27026e-07;7.4484e-07;2.58176e-08;1.21466e-07;-1.08659e-07;1.28262e-07;4.0527e-07;-4.91401e-07
-5.88091e-08;7.61442e-07;-7.79989e-07;-5.33454e-08;4.79135e-08;7.36914e-08;6.02949e-09;4.62073e-07;-8.36376e-07
6.2316e-07;-2.1705e-07;4.84449e-08;8.27035e-07;-2.42931e-07;4.46682e-08;5.525e-07;-3.15404e-07;1.28161e-07
5.39637e-07;-2.56867e-07;-3.60597e-07;3.7565e-07;-1.35879e-07;-5.10911e-07;7.28571e-07;-1.98245e-07;9.62394e-08
5.68746e-07;-3.40759e-07;2.13476e-07;8.63793e-07;-2.29969e-07;-1.1655e-08;8.35149e-07;-2.68113e-07;1.52674e-07
1.37085e-07;1.43084e-07;1.30222e-06;3.40511e-07;-1.28029e-07;-1.95499e-07;1.51166e-07;-3.55414e-07;4.17968e-07
7.74701e-08;-2.85343e-07;2.74224e-07;1.65682e-07;-4.66269e-07;-3.53845e-08;1.42153e-07;-2.74455e-07;-1.10194e-07
7.36611e-07;-4.81464e-07;8.01469e-07;8.08315e-07;-2.58318e-07;1.06393e-07;1.05689e-07;6.72476e-08;3.47073e-07
5.14033e-08;-7.25574e-08;1.98397e-07;2.36321e-08;-9.26792e-08;-2.86659e-07;1.63225e-08;2.06885e-07;5.31818e-07
1.88901e-07;-5.84742e-07;2.09983e-07;2.76639e-07;-9.32739e-07;1.79133e-08;2.54647e-07;-8.61205e-07;8.86922e-08
-6.22878e-07;-1.47402e-07;-1.89491e-06;-9.88043e-07;3.27034e-07;-1.33619e-07;-6.64756e-07;2.03751e-07;-9.34632e-07
7.7289e-07;-3.3934e-07;2.76088e-07;6.37236e-07;-2.49161e-07;1.64045e-07;6.69055e-07;-3.585e-07;5.61759e-07
1.50204e-07;-1.44521e-09;-3.25386e-07;-1.01403e-07;1.09413e-07;-3.17831e-07;2.73488e-08;-2.50411e-07;6.83352e-08
4.55468e-07;-3.32364e-07;6.98506e-07;3.82802e-06;-1.66185e-06;2.85944e-06;1.10245e-07;-5.1626e-07;-1.35611e-06
3.06576e-07;6.2679e-07;-4.05769e-07;2.06661e-06;-2.1858e-06;-1.93656e-06;-3.32154e-08;-1.78804e-06;1.45049e-06
2.49142e-07;-1.5649e-07;-6.48039e-07;2.38519e-07;-3.29278e-07;-3.1522e-07;9.0861e-08;-3.52518e-07;-1.03324e-06
5.7486e-07;-2.15508e-07;-1.76753e-07;9.59218e-07;-3.37118e-07;4.56219e-08;9.54834e-07;-3.09015e-07;-1.32372e-07
1.00694e-07;-5.78729e-07;2.22061e-07;7.95025e-08;-6.78701e-08;-3.06318e-07;1.32005e-07;-5.21262e-07;1.09505e-07
2.90881e-07;-8.6994e-07;1.32381e-08;8.4659e-08;-5.44176e-07;2.10168e-07;1.68532e-07;-5.74395e-07;2.4992e-07
-5.84366e-07;4.34246e-07;-5.81328e-07;-2.09705e-07;1.78895e-07;-8.1476e-07;-9.2935e-08;-1.99093e-07;-1.55486e-06
-1.25091e-08;-4.28925e-08;-1.03828e-07;-1.75359e-08;-5.21326e-08;-1.38454e-08;-1.63846e-10;-9.15752e-08;-1.11814e-07
3.07694e-07;-8.55535e-07;1.21211e-07;1.92702e-07;-5.5296e-07;2.32813e-07;6.2428e-08;-4.19152e-07;1.36034e-07
-6.01923e-08;3.26164e-08;-3.47881e-07;-5.15125e-08;-1.09036e-08;-7.04995e-07;-1.13864e-07;2.44806e-08;-6.19754e-07
4.73292e-08;-2.78262e-07;1.49827e-07;3.43349e-07;-1.00703e-06;1.64544e-07;3.30735e-07;-9.90683e-07;7.76392e-08
-8.79132e-08;1.63362e-07;-1.8488e-07;1.15779e-07;-6.2748e-09;-5.27062e-07;-6.64897e-08;-2.11435e-09;-4.02357e-07
1.25875e-07;-4.64331e-07;-1.05592e-06;2.43118e-07;-1.81469e-07;-2.09307e-07;-5.35741e-08;-4.67392e-07;-6.83573e-07
5.15665e-08;-1.57007e-07;6.92761e-08;5.17901e-08;-4.84852e-08;-4.76478e-08;3.56945e-08;-6.1413e-08;1.89563e-08
2.20975e-07;-7.28417e-07;1.15161e-07;1.84513e-07;-5.52464e-07;-6.94748e-08;6.24424e-08;-2.10516e-07;6.18859e-07
-1.60936e-07;-2.91143e-08;-6.10071e-08;-1.75746e-07;6.71306e-08;-1.07201e-07;-1.20395e-07;-1.15334e-07;-1.49441e-07
-1.88271e-07;2.4664e-07;-4.86172e-07;-1.31212e-07;3.65932e-08;-1.95797e-07;-3.24591e-07;1.76109e-07;-2.51855e-07
2.17733e-07;1.89021e-07;-5.20332e-07;1.41746e-07;9.25067e-08;-4.81792e-07;1.1381e-07;-3.1273e-07;4.39427e-08
2.59295e-07;-6.46396e-08;6.40437e-09;1.19661e-07;-4.008e-08;5.86147e-08;7.64047e-08;-3.68666e-08;2.3225e-07
1.48371e-07;-3.05269e-08;3.42135e-07;5.94787e-08;-1.32362e-08;2.68897e-07;1.28053e-07;-4.6113e-08;5.13753e-08
7.56318e-08;-3.69172e-08;7.57193e-08;1.63766e-07;-6.92941e-08;7.10611e-08;2.10036e-07;-7.33113e-08;-1.76081e-08
-1.0442e-06;-4.20524e-07;-1.29035e-06;-1.41152e-06;-4.13446e-08;-1.85527e-06;5.96097e-07;-4.19115e-07;-1.16872e-06
1.74711e-07;-5.1477e-08;4.80425e-09;1.03713e-07;-3.0119e-08;4.36963e-08;7.90069e-08;-3.13972e-08;2.08414e-08
-1.54491e-08;-1.20867e-09;-7.10394e-08;-1.25277e-07;-7.25603e-08;-3.89744e-07;-6.32454e-08;4.70743e-08;6.3415e-09
-9.73652e-08;1.10222e-07;8.19851e-07;5.8318e-08;-2.27458e-07;6.68842e-07;-6.86176e-08;-1.14097e-07;4.52487e-07
2.05545e-07;-6.26452e-07;-4.84915e-08;1.86253e-07;-7.26127e-07;-8.66989e-07;1.73183e-07;-3.74822e-07;7.93367e-08
-1.892e-08;-5.92195e-08;7.15316e-08;-3.45954e-08;-6.61794e-08;3.9848e-08;-2.04241e-08;-9.73879e-08;1.38862e-08
1.9311e-07;-1.6684e-08;8.96886e-08;4.78143e-08;-2.30635e-08;2.49862e-08;1.96336e-07;-2.54031e-08;1.20036e-09
-4.28395e-08;-2.78801e-08;8.77044e-09;-1.73056e-08;3.99335e-08;2.4896e-08;-4.66644e-08;1.00526e-07;-6.77988e-08
9.77081e-07;-3.84376e-07;1.00015e-06;7.59268e-07;-6.46419e-07;-5.10032e-07;6.7063e-07;-4.09026e-07;7.76599e-08
-1.89614e-08;-3.53135e-08;-4.63959e-08;-1.85098e-08;-3.36081e-08;5.15575e-08;-4.57594e-08;-2.0066e-08;-3.22762e-08
3.01642e-08;-8.62917e-08;1.2075e-07;1.96635e-08;-1.07979e-07;3.56266e-08;-1.20791e-08;-1.11982e-08;4.71041e-08
-8.79934e-08;2.62366e-07;5.71231e-08;-1.92669e-07;9.81188e-08;-3.97196e-07;1.72397e-07;-1.18696e-08;-3.79562e-07
3.74538e-08;-6.90636e-08;-1.32729e-07;-4.17768e-09;-6.17992e-08;-1.04208e-07;2.1637e-08;-5.41124e-08;-5.42182e-08
-9.29288e-08;3.51629e-08;-6.32487e-07;5.68714e-10;-3.67116e-09;-3.38102e-07;2.43717e-08;-1.68431e-07;-4.21162e-08
9.76826e-09;-5.06619e-08;5.75059e-08;-1.52073e-08;-5.7226e-08;1.17847e-07;1.53047e-08;-8.16989e-08;2.6374e-08
-3.82813e-07;1.08255e-07;-6.54916e-08;-2.2849e-07;1.06829e-07;-5.20991e-08;-3.37207e-07;1.20841e-07;-4.38269e-07
-1.10462e-07;4.48094e-07;1.14507e-06;-3.61617e-07;3.63722e-07;2.87152e-07;-2.83859e-07;1.88271e-07;2.4687e-07
-7.65129e-10;-1.12487e-07;1.70492e-07;-2.23053e-08;2.78267e-08;9.09064e-09;-4.88022e-08;-4.68258e-08;-1.25051e-08
-2.63499e-07;-4.96317e-09;-3.84304e-07;-4.30015e-08;7.52034e-08;5.79495e-08;-1.80553e-07;-9.95475e-08;-4.67569e-07
9.24714e-08;-1.26296e-07;-3.34206e-08;6.44458e-08;-8.97631e-08;2.43495e-08;4.45393e-08;-2.08762e-07;2.91439e-07
-2.89214e-08;-9.53826e-08;5.84137e-08;-4.56942e-09;-8.34729e-08;1.02932e-07;4.35375e-09;-1.21644e-08;-5.74805e-09
3.23325e-08;-1.38713e-07;-3.68904e-07;3.66399e-08;-2.05444e-07;-1.35416e-07;1.35595e-07;-3.93976e-07;-1.21555e-07
4.43489e-08;-2.03191e-07;-3.9216e-07;2.08798e-07;-2.25003e-07;-3.64454e-08;1.28342e-07;-1.72653e-07;-4.38053e-07
-7.4705e-09;-1.43765e-08;-5.2419e-08;5.73487e-08;-3.45342e-08;1.12629e-07;5.92038e-08;-4.15959e-08;-1.24165e-07
-6.96354e-08;-1.76028e-07;-7.914e-07;-6.3969e-08;-1.63806e-07;-6.40916e-07;1.84903e-07;-2.13413e-07;-4.13282e-07
-2.0487e-08;-5.45188e-08;8.30137e-08;3.79333e-08;-1.39473e-07;9.12863e-08;4.08883e-08;-9.01411e-08;2.05965e-08
3.59685e-08;-7.54167e-08;1.19385e-07;3.41332e-09;-6.18454e-08;2.65999e-08;2.24939e-08;-3.14558e-08;3.83945e-08
-1.81306e-08;-5.38077e-08;1.21977e-07;1.06531e-08;-4.62594e-08;5.35345e-08;2.07919e-08;-6.16311e-08;7.83905e-08
7.34641e-08;-1.91118e-07;-9.68382e-08;4.28767e-08;-9.04815e-08;3.60175e-08;1.11623e-07;-2.60401e-07;-6.09102e-08
4.50975e-08;-8.43394e-08;1.15098e-07;-3.61338e-10;-2.48503e-08;1.56683e-08;-1.55388e-08;-1.2877e-08;4.09098e-08
4.13616e-08;-3.82205e-08;-1.60244e-08;2.57699e-08;-3.32225e-08;3.21151e-08;3.2316e-08;-8.95712e-08;1.35068e-07
2.45291e-09;-9.59894e-08;-7.32081e-09;7.04675e-09;-7.98766e-08;2.44796e-08;2.40606e-08;-9.15661e-08;1.05914e-07
4.06544e-09;-5.58679e-08;7.30183e-08;-2.01223e-08;-1.90687e-08;6.6856e-08;-3.87211e-08;-1.37503e-08;-2.06833e-08
-2.46135e-08;-3.85037e-10;-4.4164e-08;6.19835e-08;-3.73755e-08;1.21608e-08;8.87099e-09;-1.48054e-08;3.36333e-08
1.01301e-07;-2.3596e-07;2.17323e-08;6.89398e-08;-2.01534e-07;-1.36627e-07;4.59887e-08;-2.2086e-07;-4.93683e-08
-1.8077e-07;2.13254e-07;8.86266e-07;-1.65269e-07;4.00733e-08;3.78365e-07;-4.12743e-07;4.03289e-07;2.01151e-07
8.31779e-08;-2.18257e-07;-1.58107e-07;6.84475e-08;-2.4519e-07;-1.13641e-07;6.08846e-08;-3.46558e-07;-1.82923e-08
-4.2532e-07;1.80163e-06;8.07339e-07;-1.35446e-07;-1.40276e-07;1.39315e-06;-1.39027e-07;2.10626e-07;-3.26097e-07
1.77242e-07;-5.41051e-07;2.25563e-07;8.2968e-08;-3.43305e-07;3.37103e-07;5.66189e-08;-3.48122e-07;3.45576e-08
6.42126e-08;-1.01297e-07;-1.19865e-07;-6.61499e-08;-2.6875e-08;-4.70449e-08;1.4736e-08;-4.04938e-08;3.58477e-08
-6.31921e-09;-8.07679e-08;-2.31897e-07;-8.08066e-09;-1.82682e-08;-1.07194e-07;1.3265e-07;-1.43981e-07;-1.03194e-07
-2.35347e-07;1.6445e-08;-7.28198e-07;-1.24552e-07;5.69969e-07;-2.0089e-07;-7.15263e-08;8.31786e-08;4.78661e-08
-1.45122e-07;1.81366e-08;-4.61385e-08;-2.42654e-07;7.66235e-08;-5.01132e-10;-2.53485e-07;1.79146e-08;6.4134e-08
-3.5772e-07;-5.63567e-08;2.56738e-07;-4.0902e-07;1.97047e-07;2.30896e-07;-3.44872e-07;-6.02653e-08;-1.61581e-07
-2.75611e-07;1.20514e-08;2.39999e-08;-2.12847e-07;4.75942e-08;3.12369e-08;-2.55131e-07;5.93021e-08;4.64231e-08
-2.05072e-07;5.99298e-08;-4.91101e-08;-1.63987e-07;-3.03911e-08;-5.84645e-08;-2.26736e-07;5.69884e-08;-1.70976e-07
-2.85965e-08;-1.00967e-07;-4.88746e-07;-1.71702e-07;4.50858e-08;-1.7425e-07;-1.85092e-07;-5.16222e-08;-1.16338e-07
-1.57849e-07;1.11898e-07;-4.84547e-07;-3.564e-07;2.20369e-07;-2.07057e-07;-2.29008e-07;5.09245e-08;-1.46984e-07
-4.74199e-07;-1.66046e-07;-1.60715e-06;-6.70611e-07;1.76875e-07;-9.59781e-07;-3.92573e-07;2.08271e-08;-8.94706e-07
-5.76647e-09;-1.58991e-07;-2.37375e-07;8.70502e-08;-2.0676e-07;-1.09545e-07;1.0381e-07;-2.13415e-07;-3.6096e-07
-4.95197e-07;1.64624e-07;-5.26265e-07;-4.97667e-07;1.73356e-07;-7.59656e-08;-3.39871e-07;1.32044e-07;1.34415e-08
-6.64826e-07;1.45295e-07;-9.22273e-07;-4.58695e-07;1.82051e-07;-4.96789e-07;-3.80471e-07;5.61494e-08;-9.50667e-07
9.71395e-08;-3.60048e-08;1.16108e-07;-1.70994e-07;2.51225e-07;6.74794e-07;1.12785e-06;-3.49798e-07;1.26893e-06
4.04323e-07;2.8703e-06;5.83607e-06;1.08448e-06;-1.76323e-06;5.10989e-07;-2.32221e-07;4.33011e-07;-2.53336e-07
1.50022e-07;-5.8531e-07;2.00398e-07;8.65763e-08;-4.7894e-07;3.04977e-07;3.69367e-07;-1.17666e-06;2.22541e-07
1.17151e-07;-5.42551e-07;1.47836e-07;3.39565e-07;-1.05248e-06;2.13848e-07;3.65181e-07;-9.98978e-07;1.00253e-07
-2.14592e-08;-1.56093e-07;2.2647e-07;-3.0305e-08;-4.56591e-07;-6.30101e-07;1.7118e-07;-2.21905e-07;-4.06094e-07
7.22146e-07;-3.33448e-07;-5.30401e-08;5.29879e-07;-4.30351e-07;-2.63872e-07;-1.08356e-07;-1.11225e-07;-2.775e-07
5.72605e-07;-2.7755e-07;-4.53702e-08;-1.66497e-07;1.1613e-07;-2.42653e-07;4.34706e-07;-1.18696e-07;-7.41454e-08
1.41594e-07;-1.07848e-07;-1.57378e-07;4.04922e-07;-1.04607e-07;-1.20204e-07;-9.0475e-08;6.21066e-08;-5.60595e-08
5.72605e-07;-3.19897e-07;1.01441e-07;4.34706e-07;-8.56464e-08;-9.71497e-08;6.35994e-07;-1.48523e-07;-1.68523e-08
4.35851e-07;-1.0928e-07;-1.11424e-07;9.58115e-07;-3.37956e-07;-5.60624e-08;6.42071e-07;-2.02545e-07;-4.43603e-08
7.71856e-08;-4.62887e-09;-2.89112e-08;5.11947e-08;-6.89685e-08;-6.22913e-08;1.30454e-07;-2.76782e-08;3.61604e-08
9.30365e-08;-2.73442e-08;4.55912e-08;1.75194e-07;-1.15867e-07;1.8572e-08;-5.85033e-09;-4.42507e-08;-1.11335e-07
-2.4486e-07;1.40241e-08;6.77014e-08;-3.12472e-07;1.87564e-09;1.1328e-07;-1.39556e-07;-1.85682e-08;-7.37927e-08
-3.16036e-07;-4.63367e-08;-1.04049e-07;-4.39333e-07;3.59638e-07;2.73867e-07;-2.26361e-07;1.7339e-07;2.82912e-07
3.27289e-09;-3.71016e-08;-4.63278e-08;-4.00357e-08;-2.10535e-08;-3.03895e-08;-1.87996e-08;-6.86264e-08;3.60814e-08
9.14487e-09;-9.54483e-08;2.33096e-09;-6.75844e-09;-9.52535e-08;4.09994e-08;-1.75284e-08;-4.9416e-08;-3.77059e-08
1.64852e-08;-1.09047e-07;-1.17743e-07;1.95354e-08;-9.05768e-08;-8.76616e-08;1.08338e-08;-1.00107e-07;-7.54673e-08
5.62455e-08;-1.33925e-07;9.00617e-08;5.33724e-08;-1.88878e-07;2.54513e-07;7.8648e-08;-1.15082e-07;-1.88623e-08
-4.21241e-08;-4.36516e-08;2.5444e-08;1.8196e-09;-4.8034e-08;1.43498e-07;1.97195e-08;-9.34395e-08;1.42942e-08
-2.74905e-08;-2.10991e-08;3.23888e-08;-4.46169e-09;-7.26827e-09;2.41257e-08;-3.12102e-08;-7.61323e-08;7.64078e-08
4.58916e-10;-1.11955e-07;-9.36558e-08;4.70742e-08;-1.54753e-07;-2.11954e-07;-9.96405e-08;7.72005e-08;-4.97727e-07
1.0972e-07;-2.67853e-07;-1.83521e-07;1.20241e-07;-1.84956e-07;-7.44184e-08;9.86524e-08;-2.44748e-07;-1.22291e-07
6.91253e-08;-2.64977e-07;-2.02597e-07;8.13884e-08;-1.31472e-07;4.62996e-09;8.61742e-08;-2.39481e-07;-9.68532e-09
1.8445e-07;-4.68475e-07;-4.87965e-07;1.26583e-07;-3.32265e-07;-5.55904e-07;1.38917e-07;-3.58226e-07;-9.85895e-08
5.05564e-08;-2.72954e-07;-4.26428e-08;5.80864e-08;-1.82773e-07;-9.68092e-08;5.35313e-08;-2.17045e-07;-1.07236e-07
9.61501e-08;-2.19615e-07;-1.08612e-07;4.6267e-08;-1.84036e-07;-1.05019e-07;2.78545e-08;-1.26529e-07;-1.18169e-07
6.142e-08;-2.2016e-07;-3.86874e-07;9.98832e-08;-2.38351e-07;-1.66332e-07;1.22386e-07;-2.39318e-07;-1.4931e-07
-4.5559e-08;-1.15738e-07;-5.1567e-07;5.18548e-08;-2.29282e-07;-1.22656e-07;3.84067e-08;-1.88743e-07;-3.87102e-07
1.90968e-08;-4.59446e-08;-1.39704e-07;9.42039e-08;-7.83869e-08;-1.23679e-07;2.68239e-09;-3.95003e-08;-7.31891e-08
2.16034e-08;-5.58762e-08;5.2565e-09;6.81385e-08;-6.50068e-08;-8.74407e-08;2.79416e-08;-9.38893e-08;-1.2017e-07
4.66724e-07;-2.44946e-07;-3.40975e-07;7.40614e-07;-1.81975e-07;6.04701e-08;8.28033e-07;-2.53031e-07;-5.72775e-08
3.67592e-07;-1.58135e-07;-5.54284e-07;5.36352e-07;-1.98361e-07;-3.6422e-07;2.54935e-07;-1.9121e-07;-6.37126e-07
-8.90959e-08;4.04772e-08;-7.03539e-07;9.85718e-08;-6.75659e-08;-4.20212e-07;1.293e-07;-6.45783e-08;-7.19093e-07
4.63569e-08;7.7394e-09;1.48548e-08;-5.40495e-08;-8.99822e-09;-3.14846e-07;-1.26155e-07;6.45635e-08;9.76798e-08
9.52879e-07;-2.8244e-07;-7.48162e-08;4.54363e-07;-1.3635e-07;-1.59702e-07;6.407e-07;-2.19471e-07;-1.5553e-07
4.18773e-07;-1.17984e-07;-1.19439e-07;4.54548e-07;-1.55159e-07;-1.81075e-07;6.30091e-07;-2.1629e-07;-1.41978e-07
4.18773e-07;-6.44273e-08;-7.14341e-08;1.31769e-07;-1.98682e-07;-2.39372e-07;4.54548e-07;-2.14367e-07;-2.6551e-07
-1.89344e-07;1.11281e-07;-2.02849e-07;1.58143e-07;-3.64897e-07;-1.23242e-07;-8.71644e-08;2.53267e-07;-1.28962e-07
1.44055e-07;-6.27973e-07;-8.97349e-07;3.18606e-08;-3.70296e-07;-8.70871e-07;1.87245e-07;-4.29543e-07;-3.25415e-07
-5.41158e-07;1.69817e-07;-4.49422e-08;-4.63012e-07;1.5872e-07;-5.34292e-07;-6.48889e-07;2.02499e-07;-7.87406e-07
1.01164e-07;-4.765e-07;2.77554e-07;3.05839e-07;-8.75091e-07;3.70153e-08;2.03153e-07;-8.22082e-07;-3.00871e-08
1.91718e-07;-5.70538e-07;2.2646e-07;1.61223e-07;-5.56499e-07;2.54001e-07;1.07549e-07;-2.69323e-07;4.23679e-07
4.37435e-08;-1.20818e-07;-2.42449e-07;5.44997e-08;-3.58133e-07;1.00796e-07;-9.58337e-08;1.35231e-07;-3.43508e-07
3.80053e-07;-1.13137e-06;1.78086e-07;9.53727e-08;-3.29028e-07;2.05205e-07;4.01006e-07;-1.62877e-06;5.83328e-07
8.08306e-08;-2.60288e-07;2.17402e-07;8.74663e-08;-2.80087e-07;-1.51822e-07;8.72766e-08;-1.01637e-07;1.34057e-07
6.15801e-08;-2.84981e-07;2.67819e-07;8.04888e-08;-2.14915e-07;2.41638e-07;-2.66151e-08;-1.25045e-07;4.84558e-07
3.15604e-10;-1.30366e-07;2.45263e-07;2.27867e-08;-1.19178e-07;1.09111e-07;-1.07012e-07;-4.99546e-08;4.56185e-08
-3.25279e-07;7.018e-08;-8.48689e-08;-2.17937e-07;1.16916e-07;2.54931e-07;-1.79782e-07;-1.49286e-08;-7.10106e-08
-2.34935e-08;-6.34164e-08;7.26638e-08;3.12942e-08;-5.08481e-08;2.56093e-08;-2.90234e-08;-9.68612e-09;9.37388e-08
-1.97537e-08;-9.37522e-08;1.00636e-07;-1.85574e-08;-5.45661e-08;8.80623e-08;-2.05127e-08;-9.73296e-08;9.87553e-09
-1.59006e-07;2.6201e-08;4.30274e-10;-2.36152e-08;-5.19247e-08;-1.45538e-07;-1.75659e-07;1.96638e-08;-9.42394e-08
-1.42578e-07;1.75453e-09;-2.33275e-08;-1.8132e-07;8.20354e-09;-9.50303e-08;-5.7972e-08;-3.19297e-08;-4.82738e-08
1.46481e-07;-1.03619e-07;1.24071e-08;-1.62695e-08;-6.46174e-08;3.11536e-08;9.50409e-08;-9.22782e-08;-8.83478e-08
-2.30287e-08;-1.70014e-07;-7.77633e-08;1.34049e-08;-3.84602e-08;1.40255e-07;-2.58518e-07;-6.90255e-08;-3.27333e-07
1.87533e-07;-1.44238e-07;3.87072e-07;7.66908e-08;4.25573e-08;9.77713e-08;1.05697e-07;-6.08078e-09;2.06469e-07
8.60006e-08;-4.92991e-08;3.47444e-08;1.54337e-07;-5.30187e-08;3.86282e-08;1.3431e-07;-4.22177e-08;2.12434e-07
-1.44022e-07;5.53967e-08;5.73698e-08;-8.73957e-08;1.36118e-07;2.39135e-07;5.97324e-08;1.25701e-08;5.29189e-07
4.9488e-07;-2.46022e-07;5.80957e-07;2.79492e-08;8.82197e-09;6.68654e-07;-1.30603e-07;3.73054e-07;3.73231e-07
1.13677e-08;-1.62405e-07;-2.34698e-07;6.4924e-08;-2.14028e-07;-3.82772e-07;3.89227e-08;-1.30691e-07;-5.10022e-07
-2.77208e-07;2.61497e-07;-5.14529e-07;-1.08903e-07;1.98252e-07;-1.01523e-07;-3.86203e-08;-5.34984e-08;-5.11874e-07
-1.3979e-07;1.38226e-08;6.20699e-09;-2.49245e-07;1.73954e-08;7.01401e-08;-1.75837e-07;-6.1658e-09;-4.06858e-08
-2.06327e-07;6.2927e-08;-5.37491e-08;-1.87892e-07;2.26374e-08;-5.73353e-08;-1.62604e-07;-3.59804e-08;-5.38904e-08
3.01517e-08;-3.32455e-07;-9.12719e-07;-2.68525e-07;-4.12529e-07;-1.66562e-06;-1.69839e-07;-9.25415e-08;-9.76866e-07
1.17413e-07;-2.47495e-07;-4.33547e-08;6.18262e-08;-2.58458e-07;-9.50989e-08;1.18627e-07;-2.11065e-07;-2.76916e-08
-4.07441e-07;1.11436e-07;-6.12314e-08;-3.0996e-07;1.37648e-07;-4.87544e-07;-4.55808e-07;1.71716e-07;-4.91357e-07
-2.0083e-07;7.61464e-09;-8.48809e-07;-3.02219e-07;1.19356e-07;-4.79495e-07;-1.5468e-07;3.83082e-08;-6.23757e-07
-3.71233e-07;6.60372e-08;-8.98725e-07;-3.61806e-07;1.2027e-07;-4.77177e-07;-1.34239e-07;1.32463e-08;-7.88563e-07
-3.48232e-07;4.90207e-08;-9.12643e-07;-1.79642e-07;-2.42396e-08;-7.02558e-07;-1.16474e-07;-1.81968e-07;-1.07299e-06
1.14283e-07;-1.62844e-08;1.5678e-08;-2.16982e-09;-2.25601e-08;-1.24655e-07;1.35209e-07;-6.30529e-08;1.0546e-07
1.42942e-08;-5.17836e-08;-1.14038e-07;6.76929e-08;-1.5088e-08;2.65659e-08;1.14584e-07;-2.07563e-08;2.12813e-08
3.17606e-08;-9.89796e-08;-2.39367e-08;2.03203e-08;-9.57245e-08;3.64929e-08;-1.32383e-08;-1.07393e-07;-4.34731e-08
-1.43533e-08;-8.36917e-08;7.3212e-08;-4.04068e-08;-7.23211e-08;2.42744e-08;-4.06727e-08;-5.00687e-08;8.01218e-08
1.00092e-07;-2.71642e-07;-1.52719e-07;1.32658e-07;-2.12085e-07;-1.25493e-07;9.28796e-08;-1.79325e-07;-3.01989e-09
4.6049e-08;-3.71275e-07;-8.82567e-07;1.44078e-08;-2.61587e-07;-8.39098e-07;1.19415e-07;-3.18454e-07;-6.23166e-07
-1.42671e-08;-1.46627e-07;-2.41241e-07;6.91963e-09;-1.10571e-07;-1.01967e-07;5.58067e-08;-2.11107e-07;-9.76478e-08
-1.7762e-08;1.38104e-07;-9.93022e-08;3.99205e-09;-1.22406e-07;-1.72426e-07;-1.01044e-07;3.48732e-08;-4.64361e-07
7.87667e-07;-2.58309e-07;-8.93235e-08;4.3238e-07;-1.81837e-07;-3.75521e-07;4.85449e-07;-2.36667e-07;-3.15712e-07
2.91186e-07;-1.90059e-07;-6.24156e-07;5.43551e-07;-2.07105e-07;-4.07597e-07;3.82052e-07;-1.85141e-07;-3.15631e-07
-7.93212e-08;9.09036e-12;-7.55591e-07;-5.75094e-08;2.27882e-08;-2.97957e-07;1.20338e-07;-7.38544e-08;-4.14362e-07
-1.39584e-07;2.78164e-08;-6.4602e-07;-7.02554e-08;9.92776e-08;4.49617e-09;-5.78122e-08;1.69781e-08;-3.58951e-07
1.86298e-07;-7.81554e-07;-2.27717e-08;4.03248e-08;-2.7597e-07;5.21981e-07;1.13598e-07;-4.98431e-07;2.67687e-07
9.24025e-08;-2.85547e-07;5.04126e-07;1.50336e-07;-4.99934e-07;2.98453e-07;5.9654e-08;-3.14793e-07;4.95133e-07
1.33223e-07;-5.32706e-07;1.40395e-07;3.86706e-08;-3.31534e-07;3.17937e-08;3.76258e-08;-1.36837e-07;-1.95317e-07
4.59652e-07;-3.64338e-07;-4.25198e-07;1.88962e-07;-9.88555e-07;5.64421e-07;3.13266e-08;-5.16022e-07;-1.38648e-08
1.29179e-07;-1.54262e-07;8.88359e-08;4.52032e-08;-1.62157e-07;3.06937e-07;6.49387e-08;-2.11267e-07;2.18257e-07
-2.7162e-08;-1.37189e-07;4.89731e-07;7.74229e-08;-1.90665e-07;2.52606e-07;5.30796e-08;-1.61829e-07;3.14267e-07
-2.35551e-08;2.29862e-08;6.56464e-08;-1.54345e-08;-1.93403e-08;1.27679e-07;-5.87271e-09;-8.70304e-08;5.4583e-08
4.31453e-09;-1.08634e-07;1.37721e-07;4.64459e-09;-9.18467e-08;5.83765e-08;-2.93689e-08;-5.06674e-08;7.98354e-08
2.31886e-07;-2.06404e-07;-5.37452e-08;-3.12642e-07;-1.09197e-07;-1.88874e-07;-8.31892e-07;-3.88226e-08;-3.78545e-07
1.54841e-08;1.31185e-08;-3.71538e-07;2.96782e-08;-3.1189e-08;-1.1053e-07;-8.33692e-09;-1.2164e-07;-7.88971e-08
2.56043e-08;-1.57128e-07;-4.55486e-07;1.11022e-08;-8.10317e-08;-5.21874e-07;-3.2611e-08;-1.08558e-07;-4.22281e-07
-1.29307e-07;-1.19174e-08;-7.84122e-07;-1.67927e-07;4.34714e-08;-6.34385e-07;-1.2305e-07;2.24258e-08;-7.72177e-07
-2.13518e-07;-4.12772e-07;-1.67482e-06;1.06779e-08;-3.40833e-07;-8.65007e-07;1.55394e-07;-6.22957e-07;-9.16168e-07
7.86591e-08;-2.39894e-07;-5.85375e-07;1.45437e-07;-3.42074e-07;-6.18251e-07;3.42498e-08;-2.58517e-07;-8.15309e-07
-3.28021e-07;1.32026e-07;-4.04922e-07;-3.93089e-07;6.11463e-08;-9.44084e-07;-4.54784e-07;1.80851e-07;-4.98e-07
-4.65048e-07;-2.40614e-07;-1.64101e-06;-3.89689e-07;5.36239e-08;-9.16099e-07;-9.01156e-08;-1.55694e-07;-9.93438e-07
4.19328e-08;-6.37295e-08;-4.62146e-08;6.2376e-08;-7.78187e-08;-1.17981e-07;-2.0616e-08;-4.62341e-08;-1.46596e-07
5.6874e-08;-5.63965e-08;-1.18192e-07;7.24589e-08;-1.74732e-08;1.78609e-08;5.22052e-08;-5.09564e-08;-1.01447e-07
-9.20717e-08;-3.69898e-08;2.11009e-08;4.92294e-08;-9.55491e-08;-1.15085e-07;-9.19155e-08;-1.30353e-08;-1.31812e-07
2.75943e-08;-1.46445e-07;3.01372e-07;-1.07243e-07;-2.457e-08;5.6063e-08;-1.72892e-07;7.28389e-08;3.66652e-07
1.26676e-07;-3.54407e-07;-5.50187e-07;9.80112e-08;-2.45554e-07;-7.13883e-08;1.28449e-07;-3.07539e-07;-7.41714e-08
1.37884e-07;-3.19668e-07;-5.7986e-07;1.39575e-07;-4.6121e-07;-4.5213e-07;4.86927e-08;-3.72683e-07;-8.31832e-07
2.14529e-07;-1.90488e-07;-3.94196e-07;2.80737e-07;-1.9507e-07;-6.57706e-07;3.91587e-07;-2.12546e-07;-2.95489e-07
1.30323e-07;3.14561e-09;-7.54057e-07;2.77938e-07;-1.53784e-07;-6.92883e-07;4.75612e-08;-3.4557e-07;-1.141e-06
-2.04516e-07;1.18693e-07;-8.74307e-07;1.56309e-07;-7.36555e-08;-6.81734e-07;-1.13309e-07;-9.86661e-08;-1.31009e-06
-2.03387e-07;1.4783e-07;-7.30841e-07;-1.14023e-07;9.34773e-09;-4.48334e-07;-9.43765e-08;7.22289e-09;-7.06496e-07
-9.99109e-08;1.44433e-07;8.71648e-07;1.97777e-07;-3.05444e-07;5.30253e-07;6.29559e-08;-3.4198e-07;5.76962e-07
1.8374e-08;-3.53243e-07;3.90302e-09;1.39483e-07;-3.26681e-07;4.20576e-07;2.06563e-07;1.1767e-08;-5.29761e-08
5.73291e-07;-3.29526e-07;-1.29828e-07;2.24003e-08;-1.09081e-07;-3.29417e-07;-5.15789e-08;1.23545e-07;-1.60173e-07
3.76792e-07;-3.81211e-07;-3.50154e-07;1.08612e-07;-5.10068e-07;-6.02856e-08;1.03744e-07;-1.64724e-07;-1.42011e-07
2.41936e-08;-1.58748e-07;3.14318e-07;-1.91615e-07;8.53579e-08;3.94072e-07;-2.4264e-08;-1.37104e-07;4.88522e-07
-2.71802e-08;-1.42919e-07;4.32588e-07;-1.93482e-07;4.49293e-08;3.56332e-07;-2.05899e-07;2.2259e-07;8.38688e-07
1.11457e-08;-9.23332e-08;1.32696e-07;1.36225e-08;-1.17702e-07;2.31589e-08;-1.00915e-07;-3.53821e-08;2.31795e-08
6.07696e-08;-1.47194e-07;1.87824e-07;1.3547e-08;-1.25784e-07;1.06863e-07;8.27484e-09;-1.16562e-07;1.16838e-07
1.25487e-07;-2.35018e-07;-1.04967e-07;1.54759e-07;-2.84044e-07;-2.97901e-07;3.03947e-08;-2.39307e-07;-1.80544e-07
1.38672e-07;-2.86149e-07;-3.29119e-07;1.0127e-07;-2.11773e-07;-1.37841e-07;1.28781e-07;-2.70649e-07;-1.95063e-07
-1.48421e-07;2.29368e-08;-7.71705e-07;-1.2511e-07;3.56741e-08;-5.89416e-07;-7.4374e-08;2.01523e-08;-6.46068e-07
8.9392e-08;-2.61995e-07;-4.05339e-07;1.79192e-07;-2.92268e-07;-3.23762e-07;1.02548e-07;-2.65119e-07;-5.52873e-07
-1.42804e-08;-2.59506e-07;-8.07132e-07;3.91538e-08;-3.47602e-07;-8.94591e-07;-1.69916e-07;-1.83171e-07;-1.01128e-06
1.60808e-07;-2.87638e-07;-3.01938e-07;8.73095e-08;-2.4963e-07;-4.11504e-07;9.82235e-08;-2.11007e-07;-9.03041e-08
1.60384e-07;-2.88365e-07;-2.53215e-07;1.38325e-07;-3.42495e-07;-5.00886e-07;1.48991e-07;-2.8992e-07;-3.49063e-07
8.40054e-08;-2.62837e-07;-5.81845e-07;1.60941e-07;-2.89871e-07;-3.52186e-07;1.31919e-07;-3.40923e-07;-5.95007e-07
-1.19672e-07;-1.79155e-07;-9.76318e-07;-1.77452e-07;9.63828e-09;-7.6995e-07;6.24423e-09;-2.64368e-07;-8.37651e-07
-3.73005e-08;-1.15844e-07;-7.27074e-07;-1.18169e-07;-4.58748e-08;-8.12388e-07;-1.32461e-07;4.12215e-08;-7.45405e-07
2.11378e-09;-1.24002e-07;-6.85204e-07;1.1881e-08;-2.4552e-07;-8.17017e-07;-1.47398e-07;-5.48381e-08;-7.54188e-07
1.14575e-07;-2.62635e-07;-5.76642e-07;1.05929e-08;-1.51288e-07;-6.71838e-07;6.12741e-08;-1.67524e-07;-4.5009e-07
1.90585e-08;-6.77133e-08;-1.33621e-07;2.59362e-09;-4.19146e-08;-5.9402e-08;-5.82533e-08;-3.98365e-08;-1.172e-07
-1.67988e-07;1.7116e-08;-6.70032e-08;-2.44481e-07;8.45037e-08;-2.608e-09;-1.5722e-07;-1.68431e-08;-4.88245e-09
9.20732e-08;-1.88989e-08;-8.9416e-09;9.34735e-09;-4.83555e-08;-8.71046e-08;4.22023e-08;-3.66149e-08;-6.41021e-08
-5.21451e-08;-3.96857e-08;-3.68626e-08;-1.06587e-08;-4.69054e-08;-1.2938e-07;-1.88113e-07;1.83332e-08;-3.00531e-08
-1.66709e-07;7.26006e-08;-8.0327e-07;-1.08081e-07;6.42648e-08;-6.90043e-07;-9.30953e-08;3.0894e-08;-6.54239e-07
-8.55849e-10;-1.19659e-07;-6.77799e-07;9.79568e-08;-2.38392e-07;-5.96449e-07;1.86477e-08;-2.49262e-07;-8.35952e-07
3.60966e-08;-1.42148e-07;-4.84781e-07;-2.15179e-08;-9.47195e-08;-4.50289e-07;-5.82296e-08;-3.13164e-08;-5.0589e-07
3.69949e-08;-1.19565e-07;-5.11243e-07;7.33583e-08;-2.55154e-07;-3.81014e-07;1.16445e-07;-2.6938e-07;-5.67073e-07
-1.65328e-07;9.92049e-09;-8.45189e-08;-8.62384e-08;3.68316e-09;5.19712e-08;-7.6958e-08;-4.63296e-08;-1.01512e-07
5.27722e-10;-3.25593e-08;-8.50778e-08;-7.20732e-08;-3.66316e-08;-1.07847e-07;2.1384e-08;-3.66638e-08;-3.3713e-08
1.20906e-07;-1.1009e-07;-7.65518e-07;-1.81097e-07;1.04216e-07;-8.86075e-07;-7.82177e-08;3.08587e-08;-6.59488e-07
-1.75252e-09;1.59627e-08;-3.88682e-07;-2.49273e-07;1.49257e-07;-7.44168e-07;-2.5982e-07;2.20493e-07;-4.84546e-07
-1.43448e-07;3.07575e-08;-7.66915e-07;-4.25001e-08;1.47096e-08;-4.87818e-07;-1.78487e-08;-1.23516e-07;-7.18006e-07
9.19047e-08;-1.67975e-07;-4.66208e-07;-2.22947e-08;-1.51779e-07;-6.91142e-07;-3.44499e-08;-9.85295e-09;-4.80634e-07
-1.01512e-07;-3.48312e-08;2.18748e-08;3.38371e-08;-1.06548e-07;-1.4956e-08;6.94734e-09;-9.04452e-08;-1.22017e-07
-2.26751e-07;5.25539e-08;2.02068e-07;-8.56491e-08;-2.39248e-08;6.38558e-08;-1.77313e-07;3.22988e-09;-5.61268e-08
