3.05198e-06;1.31606e-06;-6.01477e-06;-1.66576e-06;-1.04262e-06;1.71975e-06;-5.06625e-07;-6.51613e-07;2.87098e-06
1.75672e-06;-5.19425e-06;-1.45126e-06;1.65738e-06;-4.6795e-06;3.88832e-07;1.22399e-06;-4.63564e-06;3.42756e-06
1.98538e-06;-6.15591e-06;7.73725e-06;-9.25404e-08;1.57839e-06;3.22892e-06;7.51277e-07;-1.23229e-06;2.3633e-06
1.86801e-06;-5.03426e-06;5.37505e-07;5.78963e-07;-4.8759e-06;-7.8493e-06;-1.06494e-06;-2.49088e-06;3.58144e-07
2.04526e-06;-4.21565e-06;3.56889e-07;1.66696e-06;-3.46967e-06;4.20843e-07;8.4682e-08;-3.24368e-06;2.03156e-08
1.54137e-06;-5.57586e-06;8.68918e-06;2.22751e-06;-4.80389e-07;6.66833e-06;1.90911e-07;1.61378e-06;2.46749e-06
-5.98373e-06;-3.433e-06;1.38194e-05;5.42706e-06;1.42732e-05;-3.33817e-05;4.77435e-06;3.9311e-06;-2.37938e-06
2.71066e-06;2.08879e-06;5.73585e-06;4.03113e-06;-1.7664e-06;-1.07165e-05;1.67407e-06;-9.05008e-07;-3.03713e-06
1.70558e-06;-3.87773e-06;7.40747e-07;2.04526e-06;-4.19664e-06;-9.76402e-07;8.4682e-08;-3.47685e-06;6.01024e-07
7.86377e-07;8.96668e-06;-1.04505e-05;-4.66368e-06;1.4795e-05;-2.28972e-07;-5.40672e-06;1.23439e-05;4.15639e-06
2.30673e-07;-4.93457e-09;-2.13506e-06;2.1126e-06;-6.07151e-07;-4.88738e-07;4.5628e-06;-1.52934e-06;-1.91183e-07
1.66699e-06;-7.07442e-08;5.68371e-06;1.15737e-06;-4.20697e-06;8.53187e-06;4.97534e-07;-1.8301e-06;7.07599e-06
2.85033e-06;-7.84726e-06;6.5256e-06;4.5461e-06;-1.33014e-05;6.13331e-07;1.98548e-06;-4.65069e-06;8.60367e-06
-1.80277e-06;7.17367e-07;-7.63053e-07;-2.15213e-06;7.01547e-07;-2.03446e-07;-1.51937e-06;4.83044e-07;-1.0987e-08
1.02076e-06;-7.42885e-08;2.80936e-06;1.40566e-06;5.05516e-06;-3.69773e-06;1.30953e-06;-2.17314e-07;4.64961e-06
1.43391e-06;-3.73667e-06;1.12127e-06;1.16206e-06;-3.23864e-06;6.1763e-07;1.21357e-06;-2.40824e-06;-8.30455e-08
1.93143e-06;-5.19204e-06;4.38509e-06;5.18768e-07;-3.67934e-06;8.28669e-06;2.65964e-06;-5.79854e-06;5.2729e-06
1.74926e-06;-4.78969e-06;-8.03293e-07;1.91426e-06;-4.62708e-06;-6.79738e-07;1.89891e-06;-4.56209e-06;-7.11529e-07
1.39164e-06;-3.82195e-06;-2.03773e-06;1.2713e-06;-3.58454e-06;-1.9054e-06;1.09248e-06;-4.33311e-06;-7.29855e-07
5.68594e-07;-3.96021e-06;4.1361e-06;1.39735e-06;-3.71528e-06;3.76273e-07;1.72659e-06;-3.60099e-06;1.54963e-06
2.94398e-06;-5.82192e-06;6.5704e-06;3.1279e-07;-8.93422e-07;1.82887e-06;1.22842e-06;-7.16572e-06;7.20721e-06
1.11951e-06;-3.32068e-06;-4.46768e-07;1.16217e-06;-3.22547e-06;-3.61558e-07;1.13613e-06;-2.89706e-06;-9.02683e-08
4.45129e-07;-8.36353e-07;4.24326e-08;4.19511e-07;-1.04367e-06;5.11992e-07;2.34516e-07;-1.11217e-06;2.82125e-07
2.65964e-06;-6.09858e-06;5.89946e-06;5.18768e-07;-1.91239e-06;6.83575e-06;1.21863e-06;-4.35943e-06;8.09407e-06
9.49155e-07;-2.9501e-06;-7.98094e-08;1.36717e-06;-2.89101e-06;2.58042e-07;1.12267e-06;-3.2414e-06;-6.95051e-07
5.60415e-07;-3.70424e-06;8.66249e-06;-5.56004e-08;2.65549e-06;4.00676e-06;2.1133e-06;-3.5844e-07;5.43356e-06
6.38628e-06;4.33243e-06;6.0041e-06;-1.982e-06;7.52813e-06;2.10752e-06;-7.33051e-06;1.68535e-05;6.42116e-06
-1.64642e-06;5.11107e-07;-1.09972e-07;-1.3281e-06;4.06675e-07;-9.97796e-07;-1.8713e-06;7.2315e-07;-8.25802e-07
7.28919e-07;-2.09788e-06;2.53838e-07;5.20617e-07;-1.64964e-06;9.91102e-08;5.37178e-07;-1.82316e-06;7.6517e-07
-6.32826e-07;-1.15993e-06;2.63538e-06;7.86556e-07;-8.15709e-06;9.09034e-06;-5.9136e-08;-8.08329e-07;3.16175e-06
-6.98332e-07;-2.21185e-06;3.19961e-06;-1.80409e-06;-9.25831e-07;7.0441e-06;1.02364e-06;-4.17094e-06;5.46512e-06
1.29758e-08;-1.96383e-07;5.25071e-08;2.76642e-07;-1.1678e-07;-2.88166e-07;1.91654e-07;-2.08424e-07;2.8596e-07
2.21184e-06;-3.63036e-06;-1.81442e-06;2.46079e-06;-5.84305e-06;7.44883e-09;1.83967e-06;-6.19193e-06;-3.26341e-07
-1.61569e-06;7.81528e-06;1.45677e-06;-5.00714e-06;1.39009e-05;-1.43288e-06;-5.51457e-06;1.70906e-05;4.4316e-06
6.44609e-07;-8.06073e-07;1.46696e-07;7.32051e-07;1.07058e-07;-1.5217e-06;2.99015e-06;-9.87063e-07;-1.22154e-06
-2.98269e-06;2.64863e-06;4.35736e-06;1.9795e-07;-5.55526e-06;7.13079e-06;6.78887e-06;-2.55113e-05;1.08637e-05
-1.15503e-06;3.31491e-07;7.48961e-07;-1.16129e-06;3.87867e-07;5.18272e-07;-1.50002e-06;4.32163e-07;3.1072e-08
3.72078e-06;-1.39028e-06;-7.23101e-06;2.81369e-06;-5.56948e-07;-4.61742e-06;-5.20878e-07;7.08601e-08;-2.20593e-06
1.2088e-06;-3.16972e-06;3.12192e-06;1.43612e-06;-5.79644e-06;4.93352e-06;-8.32235e-07;-3.7508e-06;9.46792e-07
-2.30371e-05;7.6823e-06;-2.46465e-06;3.21575e-05;5.82123e-06;-4.33271e-05;2.35391e-05;-3.41479e-05;6.16571e-05
1.72778e-06;2.46016e-07;-9.11104e-06;-1.03595e-05;3.99101e-05;-2.35313e-05;-5.07712e-06;1.59078e-05;3.08246e-07
-1.82192e-06;8.07408e-06;9.19852e-07;-8.34424e-07;6.20503e-06;-4.51459e-06;-5.18671e-06;1.53661e-05;-1.48972e-06
1.02773e-06;1.00031e-06;3.77112e-06;-2.73567e-07;6.56262e-06;2.68159e-07;1.61478e-06;-2.08697e-06;2.37212e-06
-9.07372e-07;4.19943e-07;-3.84019e-07;-9.44543e-07;3.41956e-07;-5.84971e-08;-7.28941e-07;2.90474e-07;-1.08117e-07
1.34504e-06;-5.48309e-06;3.29228e-06;2.2639e-06;-7.74984e-06;1.20112e-06;2.5752e-06;-5.42086e-06;2.72806e-06
6.37809e-06;1.13492e-05;5.23133e-05;-1.24491e-05;-2.36187e-06;-2.05313e-05;1.07428e-05;1.13869e-06;-7.57023e-06
9.42512e-07;-2.41777e-06;2.67991e-06;8.90972e-07;-1.54584e-06;3.08687e-06;1.9956e-07;-1.01104e-06;1.78218e-06
1.71125e-06;-5.8549e-06;5.15019e-06;6.23689e-07;-2.42628e-06;3.28025e-06;5.44818e-07;-3.10052e-06;7.92249e-06
-2.22631e-07;-1.69456e-06;1.34571e-06;-9.67312e-08;-1.75121e-06;2.66917e-06;1.63407e-07;-1.59955e-06;2.21919e-06
9.15795e-07;-2.69802e-06;1.70056e-06;1.78043e-06;-3.59502e-06;1.8536e-06;1.73262e-06;-3.60605e-06;1.28549e-06
6.77566e-07;-3.68195e-06;2.03459e-06;-1.22628e-07;-4.35147e-06;7.06514e-07;-6.45427e-07;-2.15954e-06;1.19492e-06
2.18501e-06;-2.74382e-06;-1.06961e-06;1.39901e-06;-2.52476e-06;-6.9654e-08;1.83091e-06;-1.9369e-06;-6.45727e-07
2.14862e-06;-5.98004e-06;3.60399e-06;2.45353e-06;-5.67723e-06;-1.5401e-06;3.86905e-07;-3.31255e-06;4.49752e-06
1.23512e-06;-4.43065e-06;7.21477e-06;2.38892e-06;-8.04058e-06;6.75379e-06;3.75611e-06;-1.03486e-05;7.08309e-07
1.31868e-06;-4.12392e-06;2.04736e-06;2.37478e-06;-4.49738e-06;1.26048e-06;1.61256e-06;-4.46355e-06;2.92439e-07
-4.32353e-07;1.6529e-08;8.17195e-07;-1.05433e-06;1.55421e-07;-1.5636e-07;-1.40892e-06;4.10885e-07;5.18013e-08
-5.98373e-06;1.88403e-05;1.28058e-05;2.57742e-07;-1.06763e-05;-9.24225e-06;5.42706e-06;-2.71472e-05;-3.97136e-05
-8.69051e-07;4.11643e-07;-1.27056e-07;-7.98787e-07;3.95408e-07;-3.6112e-07;-9.79289e-07;4.34941e-07;-4.40938e-07
-2.25472e-07;6.3148e-06;-3.6594e-06;-1.3826e-06;8.04825e-06;8.01885e-07;1.22492e-06;7.92647e-07;3.63651e-06
5.81857e-07;-1.79601e-06;1.62402e-07;6.34218e-07;-1.83935e-06;1.60167e-07;1.29378e-06;-2.21205e-06;3.39914e-08
4.89765e-07;-1.62708e-06;1.41738e-07;6.23708e-07;-1.70832e-06;7.04096e-08;5.29513e-07;-1.47931e-06;-7.24226e-08
1.27982e-06;-5.03914e-07;7.28417e-06;1.4008e-06;5.08047e-06;-3.26746e-06;-3.41126e-07;1.59802e-06;2.87584e-06
-5.91156e-07;2.10221e-08;6.2439e-07;-5.13915e-07;-1.06558e-07;6.12546e-07;-1.23704e-06;2.43081e-07;5.58754e-08
3.74978e-07;-7.83879e-06;-6.28749e-06;-5.5011e-06;4.15089e-06;-1.40097e-06;-9.60929e-07;-1.18355e-06;-3.79536e-07
2.22475e-07;-9.78047e-07;7.9577e-08;4.0793e-07;-9.44129e-07;3.94421e-07;2.17137e-07;-1.03684e-06;-1.79629e-07
4.54098e-06;-1.19437e-05;1.42424e-07;1.53973e-06;-5.86708e-06;5.90079e-06;1.99523e-06;-5.17034e-06;9.52179e-06
-1.06935e-08;-2.15305e-08;9.01256e-08;1.16417e-08;-5.77876e-08;5.18133e-08;1.81723e-08;-4.20061e-08;-3.91715e-08
3.04188e-07;-7.64711e-07;-9.37106e-08;2.18419e-07;-5.37206e-07;1.02913e-07;1.91594e-07;-9.11897e-07;-1.20594e-07
-3.21277e-06;-2.1337e-06;6.89373e-06;7.45926e-06;-1.72055e-05;5.80484e-06;1.89207e-06;-7.66666e-06;6.99884e-06
-5.3336e-06;8.58418e-07;-5.19245e-06;1.50822e-06;-3.19322e-07;-3.30942e-06;6.2325e-06;-1.35939e-06;-6.63984e-06
3.74889e-06;-1.11683e-05;5.23237e-07;3.23171e-06;-9.57337e-06;1.08009e-06;8.48476e-07;-5.27982e-06;6.1182e-06
6.35527e-07;-1.6966e-06;1.8749e-07;5.07569e-07;-1.54121e-06;2.4415e-07;6.26696e-07;-1.81479e-06;2.57725e-07
1.81556e-06;-1.98719e-06;-1.16838e-06;2.14405e-06;-2.94911e-06;-1.31586e-06;1.66455e-06;-1.49127e-06;-3.66461e-07
1.00687e-05;-3.59481e-06;-1.10542e-05;-5.92563e-06;2.50657e-06;9.06904e-06;-4.24111e-06;-7.69209e-08;3.73396e-07
2.05314e-06;-7.72987e-06;7.45295e-06;6.11149e-06;-1.6548e-05;2.04836e-06;4.22908e-06;-1.36255e-05;1.27209e-06
-1.09818e-06;4.14139e-07;6.0766e-07;-1.04327e-06;3.51413e-07;-1.99358e-08;-1.56919e-06;4.8599e-07;1.57254e-08
8.48476e-07;-5.90067e-06;6.26967e-06;3.23171e-06;-8.26412e-06;1.04464e-06;1.1299e-06;-4.79331e-06;3.75447e-06
2.79542e-06;3.72556e-06;4.15934e-07;1.44783e-06;-2.83693e-06;4.97686e-07;-2.20397e-08;7.61592e-06;3.08506e-06
1.81729e-06;-5.16772e-06;4.06743e-06;2.01391e-06;-9.27177e-06;-1.18081e-06;1.49874e-06;-5.38293e-06;6.43066e-07
6.95041e-06;-1.32421e-05;1.21151e-05;-7.69971e-06;2.29784e-05;2.01426e-06;-1.51399e-05;5.02056e-05;2.70643e-05
2.56876e-07;6.50102e-08;3.92415e-07;2.32384e-06;1.75069e-06;2.43299e-06;1.44852e-06;1.06138e-06;-4.70652e-06
-7.95816e-07;-6.59767e-09;4.71297e-06;-3.86958e-06;-1.03275e-06;-6.34631e-08;-4.09422e-07;1.80213e-06;5.27397e-06
-5.9436e-08;-2.42276e-06;3.80588e-06;5.43165e-07;-3.28585e-06;3.9714e-07;-1.22423e-06;-2.15658e-06;1.31979e-06
1.00771e-05;-2.87104e-05;5.39555e-06;8.39652e-06;-1.81197e-05;-3.53061e-06;-3.65305e-06;-1.31259e-05;2.30794e-05
-5.56375e-06;1.52484e-07;7.69241e-07;7.08041e-06;-1.54525e-06;-5.643e-06;1.25452e-05;-3.49951e-06;-1.00035e-05
3.16961e-05;5.30818e-06;-4.15063e-05;2.4384e-05;-3.63652e-05;6.11198e-05;-2.27756e-05;1.00822e-05;-2.24064e-06
-8.88771e-06;2.03046e-05;2.18696e-05;3.60638e-05;-8.58104e-05;2.33543e-05;3.83157e-06;-3.54295e-05;2.32567e-05
7.61013e-07;-3.22534e-06;-1.49597e-06;2.53843e-06;-4.33321e-06;-2.9462e-07;1.84069e-06;-4.29187e-06;-2.78533e-07
1.44486e-06;-3.56687e-06;1.93373e-06;3.13977e-06;-4.32102e-06;7.4494e-07;1.62391e-06;-4.46131e-06;2.17903e-06
2.38586e-06;-4.999e-06;-7.12426e-07;-4.51152e-07;-2.60181e-06;-3.21017e-08;-4.01636e-07;-2.61889e-06;2.85497e-06
7.66602e-07;-6.80739e-06;-5.36749e-06;1.02916e-06;-3.94563e-06;-3.20888e-07;1.96156e-06;-4.6123e-06;4.27948e-07
6.83646e-07;-2.76394e-06;-1.00472e-06;3.29818e-07;-4.69047e-06;1.15323e-06;1.57282e-06;-5.67927e-06;-1.11775e-06
8.96631e-08;-3.16571e-06;3.21203e-06;2.5736e-06;-4.30629e-06;3.53355e-06;9.28978e-07;-3.67825e-06;3.90554e-07
5.98882e-07;-1.82074e-06;-8.28598e-07;6.8704e-07;-4.58523e-06;6.42485e-07;5.19318e-07;-2.6028e-06;-1.72141e-06
1.67024e-06;-3.88391e-06;7.70287e-07;1.9631e-06;-4.53903e-06;8.06145e-07;2.04056e-06;-4.34482e-06;-6.16711e-07
1.28865e-06;-3.74126e-06;4.60294e-07;3.3475e-07;-3.89937e-06;4.28571e-07;1.30292e-06;-3.16091e-06;1.69182e-06
9.59731e-07;-4.19689e-06;7.68469e-07;1.2057e-06;-4.84951e-06;-5.60935e-08;8.12187e-07;-3.25276e-06;1.16288e-06
1.97001e-06;-5.24648e-06;2.02753e-07;1.69316e-06;-4.84274e-06;-1.24888e-06;1.4184e-07;-3.47203e-06;2.54531e-06
1.34549e-06;-3.31502e-06;1.71519e-08;8.59317e-07;-3.64361e-06;-6.19621e-08;5.04719e-07;-3.96089e-06;1.20598e-06
-3.47205e-08;-2.85072e-06;-1.89957e-07;1.88847e-06;-4.15603e-06;9.67835e-08;6.68123e-07;-3.11142e-06;-1.10386e-06
-9.02641e-08;-2.74381e-06;5.56016e-08;6.36032e-08;-3.42166e-06;-4.81933e-07;4.85818e-07;-3.30462e-06;-4.04217e-07
7.61921e-07;-3.5705e-06;3.13222e-07;1.16763e-06;-3.19657e-06;-1.52938e-06;3.7192e-07;-3.16271e-06;-9.32829e-07
1.38249e-06;-4.32479e-06;-7.18754e-07;1.0599e-06;-4.26541e-06;-6.78229e-07;8.03851e-07;-3.23891e-06;1.17935e-06
1.27387e-06;-3.75817e-06;3.37677e-07;9.20681e-07;-3.11325e-06;5.39549e-07;1.64606e-06;-4.30253e-06;-6.15837e-07
1.63033e-07;-2.98752e-06;-1.29008e-07;4.01975e-07;-3.00671e-06;-1.2653e-06;3.85903e-07;-3.33014e-06;2.15917e-07
1.65398e-06;-4.53028e-06;1.54193e-06;1.61719e-06;-2.78112e-06;-6.96143e-07;2.30769e-06;-4.20353e-06;5.63411e-08
1.54381e-06;-4.03539e-06;-2.30394e-08;1.77894e-07;-2.79474e-06;-4.10527e-07;3.92574e-07;-3.36068e-06;-2.02073e-07
5.19496e-07;-3.30294e-06;9.13419e-08;8.92277e-07;-3.1652e-06;-9.81876e-07;-9.12533e-08;-4.15532e-06;-5.55322e-07
6.81223e-07;-3.45657e-06;2.15439e-07;3.08515e-07;-3.11938e-06;6.52553e-08;7.59384e-08;-2.64722e-06;3.18393e-07
8.20804e-07;-2.76447e-06;-9.75309e-07;1.5997e-06;-4.17355e-06;-4.01204e-07;6.39254e-07;-4.53162e-06;-2.16305e-06
7.28932e-07;-3.31985e-06;-2.94309e-07;3.02755e-08;-2.58692e-06;1.11934e-07;1.65628e-07;-3.4233e-06;8.8e-07
-7.77495e-07;-3.59504e-06;-5.39715e-06;4.527e-07;-3.17877e-06;-5.97224e-07;1.67283e-06;-4.35508e-06;8.27686e-08
8.94542e-07;-3.82724e-06;6.14933e-07;9.28395e-07;-5.52454e-06;8.9532e-07;1.78982e-06;-4.46738e-06;2.63758e-07
1.21357e-06;-2.90135e-06;-1.97462e-07;1.44805e-06;-3.04778e-06;-8.22384e-07;1.43391e-06;-3.24897e-06;9.47111e-07
1.35447e-06;-3.5538e-06;-3.13345e-08;1.01884e-06;-3.52511e-06;4.73689e-07;1.54972e-06;-4.40594e-06;-2.33471e-07
1.33707e-06;-3.64863e-06;1.98221e-06;7.68087e-07;-3.72832e-06;2.96461e-06;1.11941e-06;-3.77868e-06;3.74111e-06
1.63482e-06;-3.88126e-06;3.98907e-07;9.85734e-07;-3.51364e-06;2.60952e-07;8.02543e-07;-3.81328e-06;5.32797e-07
1.42135e-06;-4.24891e-06;2.04033e-07;7.47075e-07;-3.75637e-06;7.55517e-07;1.85172e-06;-5.14594e-06;6.97031e-07
-5.56004e-08;5.50157e-07;5.60553e-06;5.60415e-07;-1.40037e-06;8.67352e-06;-1.71893e-06;-1.6862e-06;7.21253e-06
1.26004e-06;-2.96827e-06;4.32515e-06;-2.38341e-06;-2.22603e-08;7.3677e-06;1.33739e-06;-3.44465e-06;8.425e-06
-1.90057e-06;1.34201e-07;4.55273e-06;-8.44571e-07;-3.11972e-06;5.42918e-06;-1.89298e-06;-7.88846e-07;1.35831e-06
2.7258e-07;-4.90733e-06;1.83841e-06;2.75671e-08;-2.08055e-06;4.05681e-06;1.3827e-06;-4.73965e-06;5.25546e-06
8.00854e-08;-2.83888e-06;2.42355e-06;2.13801e-07;-3.42839e-06;3.6464e-06;1.52706e-06;-3.54685e-06;2.12388e-06
1.23037e-06;-4.19734e-06;3.54165e-06;1.76716e-06;-5.62493e-06;8.32748e-07;1.75833e-06;-2.61348e-06;-2.34056e-06
2.30769e-06;-4.72787e-06;4.74198e-07;2.17982e-06;-4.32681e-06;1.63204e-06;1.65398e-06;-4.3998e-06;1.64693e-06
9.41979e-07;-2.62901e-06;1.33282e-06;1.23228e-06;-3.82759e-06;3.07503e-06;6.61507e-07;-3.4305e-06;-4.40893e-07
2.23396e-06;-4.4355e-06;3.10144e-08;2.06799e-06;-4.03742e-06;-2.70035e-08;5.99005e-07;-8.92325e-07;1.91093e-07
1.79176e-06;-4.16468e-06;-7.38766e-07;1.10726e-06;-5.45509e-06;-7.30528e-07;1.77251e-06;-3.74086e-06;-1.28687e-06
2.23396e-06;-4.25353e-06;6.33552e-07;5.99005e-07;-2.04691e-06;4.80643e-07;1.40834e-06;-3.13362e-06;2.41383e-07
1.42256e-06;-3.80475e-06;-4.15533e-07;9.62448e-07;-2.26955e-06;6.21446e-07;1.39766e-06;-3.04641e-06;-2.5051e-07
-5.92461e-08;-3.81047e-06;2.86581e-06;1.02765e-06;-2.69767e-06;2.47624e-06;1.20176e-06;-3.15895e-06;2.53862e-06
4.75339e-07;-1.90118e-07;-4.64074e-07;1.02235e-06;-3.94293e-06;8.25435e-07;1.29112e-06;-2.5607e-06;1.2422e-06
2.26721e-06;-3.94577e-06;4.12771e-06;1.83664e-06;-5.25382e-06;3.88292e-07;2.36453e-07;-3.44894e-06;1.97504e-06
2.03754e-06;-3.93838e-06;1.14736e-06;1.76873e-06;-4.04369e-06;-6.57718e-07;1.31138e-06;-4.18262e-06;3.84502e-07
1.76873e-06;-4.92493e-06;-2.79202e-07;2.03754e-06;-3.69823e-06;2.01838e-08;1.83692e-06;-4.05168e-06;-1.42862e-07
8.85601e-07;-3.29813e-06;-1.37186e-06;2.10286e-06;-4.43736e-06;-1.11142e-07;2.09317e-06;-4.23927e-06;-3.36992e-07
1.01357e-06;-3.39728e-06;1.04326e-06;1.92077e-06;-3.66521e-06;-7.78655e-07;3.39476e-07;-2.85819e-06;-7.16059e-07
1.63928e-06;-3.28333e-06;-8.66693e-07;6.94659e-07;-2.35312e-06;-1.68147e-07;1.12201e-06;-2.05632e-06;3.88604e-07
6.59186e-07;-2.95671e-06;-1.99785e-06;2.00036e-06;-3.52266e-06;-1.63928e-06;1.93006e-06;-3.12091e-06;-1.12124e-06
7.69031e-07;-3.38615e-06;2.66609e-06;9.26383e-07;-3.20193e-06;2.77994e-06;1.11774e-06;-2.53479e-06;1.18428e-06
1.77942e-06;-3.27505e-06;-4.10971e-07;1.30573e-06;-3.74831e-06;1.40028e-06;1.34668e-06;-3.37558e-06;1.2889e-06
3.32668e-07;-3.60379e-06;3.4749e-06;1.17435e-06;-3.46155e-06;2.48029e-06;1.12146e-06;-3.8146e-06;2.62631e-07
9.4809e-07;-3.49058e-06;2.225e-06;1.49079e-06;-3.49493e-06;-6.40326e-08;9.00173e-07;-3.697e-06;1.58947e-07
1.43929e-06;-4.22461e-06;-1.06838e-06;1.71155e-06;-5.79302e-06;7.38208e-07;1.99271e-06;-6.67271e-06;8.02678e-07
5.64676e-07;-3.46867e-06;4.33712e-07;1.89414e-07;-3.09376e-06;-8.74518e-07;5.28582e-07;-3.73354e-06;-1.80314e-07
1.30573e-06;-3.62437e-06;2.05937e-06;7.18763e-07;-3.80378e-06;3.53913e-06;1.34668e-06;-3.64894e-06;1.82677e-06
1.86361e-06;-3.5332e-06;-7.03809e-07;3.82179e-07;-2.96577e-06;-1.19255e-06;1.1187e-06;-3.24802e-06;-3.26667e-07
1.43749e-06;-3.5828e-06;3.7894e-07;1.25767e-06;-3.97897e-06;8.65432e-07;1.42206e-06;-3.88486e-06;8.24833e-07
1.36549e-06;-4.37135e-06;-3.89861e-07;8.59317e-07;-3.17084e-06;-3.57707e-07;1.34549e-06;-3.57125e-06;-5.75068e-08
2.29301e-07;-2.95147e-06;1.15749e-06;8.79548e-07;-3.01565e-06;2.48153e-06;1.01437e-06;-3.53675e-06;7.43849e-07
1.37564e-06;-4.80503e-06;7.60594e-07;6.68307e-07;-3.36484e-06;3.61464e-06;9.22057e-07;-4.09936e-06;1.35834e-06
3.6283e-07;-3.12948e-06;-1.29255e-07;5.24208e-07;-3.44715e-06;7.83166e-07;1.35081e-06;-3.3413e-06;7.6685e-07
1.93376e-06;-3.46887e-06;-5.19327e-07;9.78972e-07;-3.46925e-06;3.75655e-07;1.50116e-06;-3.76142e-06;1.11077e-06
1.42206e-06;-3.57955e-06;1.79181e-06;1.25767e-06;-3.73383e-06;1.34332e-06;6.95455e-07;-3.58077e-06;2.6737e-06
5.12225e-07;-4.04886e-06;1.23977e-06;6.00828e-07;-3.55619e-06;3.21432e-06;9.91166e-07;-3.83055e-06;3.59815e-07
1.30787e-06;-3.79199e-06;1.23848e-06;5.47119e-07;-3.09726e-06;2.81626e-06;8.0081e-07;-3.39523e-06;3.12909e-06
1.11868e-06;-3.38862e-06;3.01327e-06;7.30694e-07;-3.48722e-06;3.30534e-06;6.2937e-07;-3.04435e-06;2.6405e-06
8.84365e-07;-3.49238e-06;3.29614e-06;7.06799e-07;-3.39027e-06;3.10975e-06;5.9576e-07;-3.59651e-06;3.08806e-06
9.59268e-07;-2.56941e-06;1.33883e-06;9.65309e-07;-3.19689e-06;2.75192e-06;5.0564e-07;-1.62808e-06;-3.4055e-08
1.02079e-06;-3.07213e-06;2.56629e-06;1.12569e-06;-3.68987e-06;1.31547e-06;5.42149e-07;-1.68188e-06;-9.99104e-08
3.7686e-07;-1.63828e-06;-6.47721e-08;9.0333e-07;-2.72932e-06;-1.6955e-06;-5.47436e-07;5.77025e-07;-2.02454e-06
1.53607e-06;-3.55697e-06;1.48821e-07;9.29918e-07;-3.49399e-06;2.24238e-06;1.20552e-06;-2.79846e-06;1.02456e-06
1.69902e-06;-3.50723e-06;-1.77102e-06;1.89986e-06;-3.11764e-06;-1.89546e-06;1.07816e-06;-3.11615e-06;-2.34055e-06
1.55531e-06;-2.64232e-06;-1.32327e-07;1.92815e-06;-3.69045e-06;-1.59716e-06;1.3972e-06;-3.16545e-06;-3.11984e-07
1.69902e-06;-3.75575e-06;-1.89502e-06;1.81332e-06;-2.61011e-06;1.62601e-07;1.89986e-06;-2.99152e-06;-1.40773e-06
6.40789e-07;-2.34463e-06;6.6425e-07;8.65651e-07;-8.38478e-07;-2.93608e-07;1.70726e-06;-2.50425e-06;-1.85742e-07
1.72479e-06;-4.0308e-06;-1.49418e-06;1.29183e-06;-3.15959e-06;-2.63889e-07;1.89419e-06;-3.69406e-06;-1.63665e-06
6.25988e-07;-2.39641e-06;7.32128e-07;1.72348e-07;-1.04861e-06;-4.44527e-07;5.72169e-07;-4.45654e-07;-4.16419e-07
-2.04343e-07;8.6274e-08;-1.54272e-06;-7.19764e-07;1.85732e-07;-1.71708e-06;-4.25483e-07;2.81753e-07;-2.49074e-06
-1.85515e-07;-7.45076e-08;-2.31797e-06;-3.63315e-07;4.1341e-07;-2.18352e-06;-6.17913e-07;2.52815e-07;-1.92774e-06
3.42842e-08;-1.04861e-06;-3.65965e-07;-2.56179e-07;2.42227e-07;-1.39856e-06;4.27403e-07;-4.45654e-07;-4.37071e-07
1.91426e-06;-4.50891e-06;-4.80531e-07;1.26625e-06;-4.81722e-06;-1.57703e-07;1.89891e-06;-4.76043e-06;3.47321e-07
2.85923e-06;-2.11995e-06;4.68285e-07;1.90098e-06;-2.9953e-06;-1.77069e-06;1.58486e-06;-2.61486e-06;-2.97166e-07
1.05733e-06;-2.80195e-06;-2.21641e-06;1.08938e-06;-3.47585e-06;-9.48622e-07;1.26091e-06;-3.21694e-06;-2.13546e-06
1.8175e-06;-4.50147e-06;-8.88238e-07;1.65627e-06;-3.71498e-06;-1.99238e-06;1.2815e-06;-3.54664e-06;-2.10823e-06
1.05611e-06;-2.80828e-06;-2.26563e-06;7.4748e-07;-2.8277e-06;-1.15125e-07;1.12996e-06;-3.51962e-06;-1.28227e-06
2.19191e-06;-3.14032e-06;-1.88735e-06;1.2069e-06;-2.78184e-06;-2.04673e-06;8.74823e-07;-3.1247e-06;-2.42931e-06
-6.55632e-07;1.56482e-07;-1.89816e-06;-6.13861e-07;1.12113e-07;-2.00716e-06;-3.83207e-07;6.80273e-08;-1.94399e-06
-2.98305e-07;3.9353e-08;-1.6652e-06;8.65467e-07;-1.98442e-07;-1.71725e-06;6.92381e-07;-3.90769e-07;-1.40658e-07
-4.97129e-07;4.00327e-07;-2.29601e-06;1.2801e-07;-7.5692e-08;-2.28275e-06;1.00426e-06;1.85251e-08;-1.27497e-06
8.02985e-08;-5.12698e-08;-2.62152e-06;1.82363e-06;-6.72274e-07;-2.11823e-07;8.75066e-07;-8.21488e-08;-2.21557e-06
1.28923e-06;-3.48472e-06;-1.00818e-06;1.15513e-06;-3.2935e-06;-5.8695e-07;1.25111e-06;-3.13616e-06;-5.47167e-07
1.90098e-06;-3.02204e-06;-2.05238e-06;2.85923e-06;-2.42086e-06;-1.78948e-06;1.01725e-06;-2.70263e-06;-2.15939e-06
1.06188e-06;-3.62691e-06;-2.87532e-07;1.07689e-06;-3.28377e-06;-1.01738e-06;1.07721e-06;-3.26321e-06;-4.25516e-07
9.77865e-07;-2.64727e-06;-2.14342e-06;1.29729e-06;-9.49341e-07;-1.8799e-06;6.72828e-07;-3.45839e-06;3.2634e-07
4.527e-07;-3.55033e-06;-1.18725e-07;-7.77495e-07;-3.03715e-06;-1.75022e-06;1.44302e-06;-3.65769e-06;8.53208e-08
1.0628e-06;-2.72932e-06;-6.21969e-07;6.18969e-07;-1.63828e-06;-2.21644e-07;1.16439e-06;-3.6736e-06;1.26456e-06
-3.35458e-07;1.04231e-07;-1.71556e-06;-4.59956e-07;1.98749e-07;-2.22707e-06;-5.81242e-07;1.88226e-07;-1.77023e-06
1.76368e-06;-4.07828e-06;-1.46227e-08;1.48286e-07;-3.59234e-06;-1.37963e-06;1.2839e-06;-2.83349e-06;-1.1126e-06
-2.3869e-07;1.98149e-06;5.21021e-07;1.1061e-06;-2.83349e-06;-2.7659e-06;-1.66117e-06;-3.59234e-06;-7.16067e-06
-1.73798e-06;5.80448e-07;-1.12968e-07;-1.28771e-06;2.03537e-07;2.90273e-07;-6.28255e-07;-6.8018e-08;-1.15079e-06
8.13178e-07;2.13426e-07;-4.77919e-07;-3.07709e-07;4.40035e-07;-1.43162e-06;-1.91463e-07;4.82847e-07;-1.8615e-06
1.10725e-06;-2.41659e-06;-2.34786e-06;-9.75066e-07;7.80125e-07;-1.41673e-06;-5.07846e-07;-7.19476e-08;-1.8795e-06
5.14303e-08;3.06188e-07;6.96889e-07;-3.88129e-07;3.99495e-07;-5.70953e-07;-7.03333e-07;-4.88336e-08;-1.95291e-06
-7.42289e-07;2.3661e-07;-9.95288e-09;9.55881e-07;-1.0234e-08;-1.26029e-07;5.85643e-07;-7.47142e-08;-1.15666e-07
-3.71592e-07;7.47662e-08;-7.17092e-07;-2.11025e-07;1.42775e-07;-1.96562e-06;-6.59162e-07;2.94993e-07;-1.68473e-06
-7.59857e-07;4.39065e-09;-1.08308e-06;-1.32369e-06;4.06675e-07;-9.83134e-07;-1.69296e-06;5.11107e-07;-9.33711e-08
-4.73811e-07;3.95132e-07;-2.23156e-06;-4.08309e-07;6.87631e-07;-1.28462e-06;-6.29875e-07;3.01543e-07;-1.47573e-06
-6.0605e-07;3.30671e-07;-1.49777e-06;-9.18766e-10;3.15585e-07;-6.12991e-07;8.02541e-08;-2.09112e-07;-6.42143e-07
-4.16495e-07;1.06653e-07;-1.85543e-06;-4.14962e-07;2.20611e-07;-1.88138e-06;-6.92693e-07;2.43137e-07;-1.81391e-06
-8.92348e-07;3.72877e-07;-2.32458e-06;4.32101e-07;-1.5845e-07;-5.68345e-07;-2.22362e-07;2.42066e-07;-2.19482e-06
-4.50584e-07;3.52174e-07;-2.26985e-06;-6.52981e-07;3.76869e-07;-1.45115e-06;-7.94255e-07;3.3534e-07;-2.06098e-06
-7.65731e-07;-6.99688e-08;-1.23262e-06;-6.09194e-07;1.24479e-07;-2.22835e-06;-1.31879e-06;3.85851e-07;-8.61781e-07
-7.99951e-07;2.07741e-07;-2.12987e-06;-6.89539e-07;3.02633e-07;-1.56714e-06;-1.12771e-06;3.70696e-07;-1.03099e-06
-8.44258e-07;2.00706e-07;-1.1583e-06;3.94749e-08;-3.44966e-08;-6.20423e-07;-8.25674e-07;1.22315e-07;-7.11118e-07
-1.5559e-06;2.35537e-07;-3.92937e-07;-7.83133e-07;2.73815e-07;-3.39889e-07;-9.79911e-07;2.19519e-07;-1.15828e-07
-5.67188e-07;3.02633e-07;-1.5178e-06;-9.61983e-07;3.04409e-07;-1.33325e-06;-1.48683e-06;3.70696e-07;-1.22402e-06
-6.72775e-07;2.01286e-07;5.74437e-07;-9.68084e-07;2.1338e-07;4.93113e-08;-4.80076e-07;1.7489e-07;-9.84681e-08
-8.92899e-07;3.60283e-07;-1.20897e-06;-1.72264e-06;4.985e-07;-1.09165e-06;-1.35166e-06;4.86208e-07;-9.73869e-07
-6.10564e-07;2.97159e-07;-1.48396e-07;-1.65926e-06;1.94064e-07;-7.04804e-07;-1.55032e-06;6.71235e-07;-7.02287e-07
-1.65136e-06;2.2814e-07;-6.43386e-07;-2.32194e-06;6.71461e-07;-6.04735e-08;-1.545e-06;6.34313e-07;-6.69314e-07
1.52057e-06;-4.76849e-06;-1.44367e-06;1.08136e-06;-4.51009e-06;7.464e-07;1.34718e-06;-3.86039e-06;-1.29365e-07
1.41988e-06;-4.75589e-06;6.61438e-07;1.29053e-06;-4.27884e-06;1.32841e-06;1.96679e-06;-7.01352e-06;2.49149e-08
1.04034e-06;-4.54778e-06;4.76779e-07;1.47588e-06;-4.61486e-06;-3.74849e-07;1.83687e-06;-6.14035e-06;-8.54694e-08
1.94457e-06;-4.4374e-06;-1.15022e-06;1.56506e-06;-4.57442e-06;-1.24669e-06;1.63113e-06;-4.26831e-06;-1.57839e-06
1.54705e-06;-4.85261e-06;-1.06842e-06;1.40125e-06;-3.74489e-06;-3.91974e-07;1.88377e-06;-5.58426e-06;2.35959e-07
1.35744e-06;-3.69366e-06;-2.27243e-06;1.6168e-06;-3.5131e-06;-1.72278e-06;1.22514e-06;-3.09276e-06;-2.45789e-06
1.63202e-06;-4.0067e-06;-1.66016e-06;1.56492e-06;-4.60316e-06;-1.23398e-06;1.15825e-06;-3.84152e-06;-2.99423e-07
1.01911e-06;-4.29421e-06;1.18173e-07;1.90134e-06;-4.68754e-06;-6.72079e-07;1.41701e-06;-3.43422e-06;-2.36559e-06
1.22226e-06;-3.28594e-06;-4.37229e-07;1.36978e-06;-2.83308e-06;-1.17763e-07;1.52058e-06;-3.0383e-06;-2.62701e-07
-5.46638e-07;-1.26543e-07;-2.29181e-06;-4.02527e-07;2.54491e-07;-1.28299e-06;1.30012e-07;-1.02669e-06;-4.7541e-07
5.27702e-07;-1.95595e-07;-1.96565e-06;-1.93663e-07;4.08946e-08;-1.80294e-06;-4.31062e-07;2.76644e-07;-2.35363e-06
9.06775e-07;-2.35672e-06;9.38452e-07;1.60851e-06;-2.49891e-06;-3.07592e-07;1.35787e-06;-3.50046e-06;-5.37885e-08
2.29326e-06;-9.87063e-07;-9.86241e-08;1.70971e-06;-3.0802e-06;4.33304e-08;8.72235e-07;-8.06073e-07;3.40057e-07
-4.16982e-07;4.63167e-08;-1.855e-06;-5.48298e-07;1.47469e-07;-2.15495e-06;-3.67268e-07;2.17456e-07;-2.11567e-06
1.61179e-06;-4.50425e-07;-6.81794e-08;1.60712e-07;1.83662e-07;-2.2442e-06;2.79283e-07;-1.74141e-07;-4.63922e-07
9.35491e-07;-2.72126e-06;-6.63626e-08;9.62295e-07;-2.84873e-06;1.57815e-07;9.93552e-07;-3.08191e-06;-3.65944e-07
1.12047e-06;-3.72663e-06;-6.32048e-07;1.27715e-06;-3.45513e-06;-6.00557e-07;1.36452e-06;-3.4512e-06;-1.12627e-06
3.96663e-07;-3.7674e-06;9.44781e-07;1.53448e-06;-4.28931e-06;8.04461e-07;1.01756e-06;-3.50657e-06;-3.57182e-08
1.39203e-06;-6.82681e-06;-4.11664e-06;1.26499e-06;-3.72691e-06;-1.79448e-07;1.79473e-06;-3.1553e-06;1.08264e-06
4.72994e-07;-1.31983e-07;-1.09244e-06;-8.49316e-08;2.78522e-07;-3.47837e-07;-3.56448e-07;-1.21949e-07;3.07216e-07
-5.77406e-07;1.59291e-07;-1.9637e-06;-3.21731e-08;1.32207e-07;-1.05728e-06;-2.85148e-07;1.8801e-07;-1.78417e-06
-2.5355e-07;3.15585e-07;-7.38944e-07;-4.83211e-07;3.30671e-07;-1.60921e-06;1.97485e-08;5.89065e-07;-1.33851e-06
-1.41326e-07;-9.90432e-08;-7.0369e-07;2.5194e-07;2.91679e-08;-1.27141e-06;-3.58681e-07;5.27371e-07;-1.75846e-06
6.60518e-07;4.25587e-08;-2.1773e-09;1.05113e-06;-2.44542e-07;-2.22369e-07;-2.65472e-07;3.21896e-07;-1.1639e-06
-4.15107e-07;1.43418e-07;-2.05843e-07;-7.84138e-07;7.66361e-08;-5.85917e-07;7.23639e-09;-1.56923e-09;-7.09918e-07
-1.567e-07;5.00986e-07;-8.76038e-07;7.61462e-07;7.69547e-08;-1.90541e-07;-2.35609e-07;3.12886e-07;-7.81139e-07
9.17308e-07;-5.04389e-07;2.26471e-08;-5.37745e-08;3.12886e-07;-5.24158e-07;7.64917e-07;7.69547e-08;2.84045e-07
-1.76752e-06;5.33814e-07;-8.85988e-08;-2.16351e-06;6.75433e-07;3.36077e-08;-1.31025e-06;3.90898e-07;4.04778e-07
1.07442e-06;-1.54948e-07;1.56569e-07;-1.26626e-07;-4.42803e-08;4.18413e-07;3.03354e-07;1.56267e-07;9.26382e-07
-3.56072e-09;2.18072e-07;-5.68759e-07;1.10666e-06;-5.66209e-07;1.50183e-07;1.0904e-07;-2.71638e-08;-7.86991e-07
1.0446e-06;-4.5138e-07;-4e-07;3.04795e-07;-1.02263e-07;-4.02537e-07;4.03717e-08;-4.51001e-08;-6.85065e-07
3.61926e-07;8.81379e-08;-6.29678e-07;8.79267e-07;-3.8129e-07;-2.59773e-07;1.18154e-06;-3.27378e-07;-3.56266e-07
2.30726e-07;4.97022e-08;-4.56144e-07;-4.56693e-07;1.48519e-07;-1.32038e-07;3.00889e-08;-6.75321e-08;-7.16174e-07
-1.32282e-06;3.87275e-07;4.21349e-07;-1.1311e-06;3.31491e-07;6.84467e-07;-1.6408e-06;4.32163e-07;-1.23167e-07
-1.29645e-07;1.32279e-07;4.69398e-07;9.19289e-08;5.72127e-09;6.86968e-07;-5.47953e-07;4.06468e-08;1.17387e-06
-4.68264e-07;1.3796e-07;1.00559e-06;-4.27141e-08;-6.79666e-08;8.21903e-07;-3.63151e-07;6.62566e-08;7.19446e-07
-4.96269e-07;1.87272e-07;-5.32816e-08;-1.76002e-07;1.68734e-07;3.77017e-07;-7.05355e-07;1.71376e-07;6.83372e-07
-9.43889e-07;2.41939e-07;-4.13206e-08;-2.4684e-06;7.54264e-07;-4.14618e-08;-1.37466e-06;3.53535e-07;-1.50016e-08
-1.5966e-07;1.09699e-07;5.51215e-07;-5.05617e-07;1.66866e-07;1.01938e-06;-6.94635e-07;1.39254e-07;7.77554e-07
-1.32387e-06;3.45621e-07;3.93355e-07;-7.89774e-07;2.18978e-07;7.21042e-07;-1.13165e-06;2.93906e-07;6.69174e-07
-7.55614e-07;2.29018e-07;6.77616e-07;-4.66688e-07;1.50906e-07;1.10129e-06;-1.14599e-06;3.18283e-07;6.57844e-07
-7.91376e-07;2.96865e-07;9.49397e-07;-3.321e-07;6.57535e-08;7.96106e-07;-7.808e-07;2.77728e-07;6.35741e-07
-4.82733e-07;1.23817e-07;4.60226e-07;-6.9757e-07;2.7297e-07;3.0614e-07;-6.93746e-07;2.59129e-07;6.42423e-07
-6.08266e-07;1.50906e-07;1.03826e-06;-7.68276e-07;2.67307e-07;8.75702e-07;-1.18195e-06;3.18283e-07;7.10438e-07
-4.90871e-07;1.40355e-07;4.02395e-07;-5.50058e-07;2.15602e-07;5.28626e-09;-7.03302e-07;2.78893e-07;2.86205e-07
-6.70576e-07;2.92582e-07;9.90689e-07;-1.17195e-06;3.87422e-07;5.44196e-07;-1.16227e-06;3.46814e-07;7.60102e-07
-5.89894e-07;3.70881e-07;9.46639e-07;-1.03104e-06;2.51879e-07;2.48421e-07;-1.01094e-06;5.63448e-07;8.17158e-07
-1.01738e-06;2.89699e-07;3.51634e-07;-1.16795e-06;3.82078e-07;-4.23248e-08;-1.03936e-06;4.10516e-07;5.92041e-07
2.95602e-07;-4.00413e-08;-3.89198e-07;-6.4124e-07;2.05402e-07;-2.54992e-06;-9.03769e-07;6.83847e-08;-6.92147e-07
6.65712e-08;-3.65239e-08;-6.11809e-07;-7.80633e-07;1.23935e-07;-1.28958e-06;-5.81201e-07;2.61797e-07;-1.45923e-06
-1.83163e-06;4.99236e-07;-1.15559e-06;-8.54498e-07;3.56941e-07;-9.13367e-07;-8.26127e-07;-3.25765e-08;-6.93696e-07
-4.58206e-07;1.99069e-07;-1.9329e-07;-1.01442e-06;2.27849e-07;8.73477e-09;-7.37092e-07;1.42198e-07;-4.73308e-07
-2.60838e-06;8.36923e-07;-4.82627e-08;-1.32304e-06;4.08076e-07;-1.57271e-07;-2.71414e-06;7.8942e-07;-4.76385e-09
1.51124e-06;-3.36613e-06;-1.73787e-07;1.62638e-06;-4.00939e-06;-1.5941e-06;1.02139e-06;-3.84368e-06;-2.40962e-07
1.65627e-06;-3.34341e-06;-1.6778e-06;1.8175e-06;-4.43057e-06;-1.28785e-06;1.6953e-06;-4.12412e-06;-1.3783e-06
1.4666e-06;-3.56447e-06;-1.2327e-06;1.49917e-06;-3.76113e-06;-1.55804e-06;1.21124e-06;-3.60606e-06;-1.83749e-06
1.24368e-06;-3.26951e-06;-2.18961e-06;1.52046e-06;-3.69682e-06;-1.77317e-06;1.23966e-06;-3.73681e-06;-2.10151e-06
1.375e-06;-3.60864e-06;-2.38108e-06;1.1309e-06;-3.33168e-06;-1.91604e-06;1.24676e-06;-3.43609e-06;-1.94915e-06
1.19101e-06;-3.38267e-06;-1.15322e-06;1.37399e-06;-3.52864e-06;-1.91448e-06;1.11996e-06;-3.30933e-06;-1.90463e-06
1.27416e-06;-3.50574e-06;-1.67424e-06;1.19584e-06;-3.41298e-06;-1.18127e-06;1.53717e-06;-3.53006e-06;-1.12772e-06
1.0885e-06;-3.37008e-06;-9.67991e-07;1.1202e-06;-3.5526e-06;5.15386e-08;1.38286e-06;-4.02634e-06;-5.83429e-08
1.3671e-06;-3.51185e-06;-1.69777e-06;1.19188e-06;-3.55461e-06;-1.17495e-06;1.30161e-06;-3.51144e-06;-9.86187e-07
1.0816e-06;-3.01248e-06;-2.11212e-07;1.04119e-06;-3.08646e-06;-3.59439e-07;1.02519e-06;-3.35834e-06;-6.41638e-07
1.28778e-06;-3.82861e-06;-6.63782e-07;1.21471e-06;-3.49714e-06;-9.085e-07;1.34713e-06;-4.0025e-06;-5.99293e-08
1.11951e-06;-3.2766e-06;-5.41498e-07;1.12969e-06;-3.46319e-06;-9.84625e-07;1.16217e-06;-3.48775e-06;-4.77828e-07
1.11548e-06;-3.36274e-06;-2.24406e-07;1.10246e-06;-3.66428e-06;-3.57756e-07;1.17264e-06;-3.81302e-06;-5.36307e-07
1.11601e-06;-2.86029e-06;-1.75312e-07;9.50563e-07;-2.48882e-06;-1.30197e-07;7.87251e-07;-2.6991e-06;-1.25894e-07
8.78215e-07;-2.62647e-06;3.33622e-08;8.45099e-07;-2.77991e-06;-3.09413e-07;8.59845e-07;-2.66666e-06;-2.171e-07
8.12243e-07;-2.84876e-06;-1.25271e-07;9.92375e-07;-2.76464e-06;-3.14742e-07;5.85586e-07;-2.47693e-06;-8.53094e-08
1.05495e-06;-3.04578e-06;-4.21864e-07;9.77527e-07;-2.9392e-06;-1.75724e-07;1.04558e-06;-3.05248e-06;-3.21031e-07
5.48901e-07;-2.05085e-06;-3.57673e-07;5.16713e-07;-1.6477e-06;3.12309e-08;6.21258e-07;-2.08648e-06;7.68168e-08
1.11548e-06;-3.54464e-06;-2.29273e-07;1.17264e-06;-3.49656e-06;-5.22866e-07;1.1647e-06;-3.12701e-06;3.08634e-08
7.86048e-07;-2.52934e-06;-1.68248e-07;7.4089e-07;-2.4387e-06;8.40377e-08;9.38449e-07;-2.62626e-06;-1.76908e-07
8.71508e-07;-3.04977e-06;-1.85087e-07;1.09465e-06;-3.3608e-06;-4.65092e-07;1.03059e-06;-2.85323e-06;-3.70297e-07
1.23286e-06;-3.48906e-06;-1.0447e-06;1.17252e-06;-3.8258e-06;-7.03883e-07;1.34463e-06;-3.55826e-06;-1.0339e-06
1.35204e-06;-4.14761e-06;-3.34247e-07;1.27035e-06;-3.59954e-06;-5.82053e-07;1.30852e-06;-4.0906e-06;-1.80761e-07
1.05829e-06;-2.50782e-07;1.7852e-07;1.69205e-07;3.60854e-09;-1.8517e-07;1.30754e-06;-3.83311e-07;-1.15151e-07
-4.36206e-07;1.30036e-07;-5.0455e-08;2.43578e-07;1.66413e-08;-3.05102e-07;-1.44018e-07;1.00878e-07;3.41145e-07
-1.56174e-07;-6.79666e-08;8.7563e-07;-3.69816e-07;1.3796e-07;8.98519e-07;3.7779e-07;-3.1508e-08;5.98697e-07
1.86224e-07;4.76663e-10;-1.64519e-07;8.28855e-07;-2.0911e-07;-1.00275e-07;-2.1727e-07;8.18976e-08;5.1998e-07
9.24526e-07;-1.87397e-07;2.96995e-07;2.69476e-07;-1.43364e-07;9.99612e-08;1.32187e-07;-1.00829e-07;4.47728e-07
-5.29136e-07;1.82037e-07;4.72042e-07;-7.28448e-07;2.75798e-07;6.24389e-07;-3.83392e-07;7.58348e-08;7.82333e-07
3.55476e-07;-9.35689e-08;6.78275e-07;4.50011e-07;-1.93243e-07;2.30616e-07;-1.24495e-07;-6.91593e-08;7.99644e-07
9.62916e-08;-6.00615e-08;6.65153e-08;6.20697e-08;-6.91593e-08;7.2375e-07;3.62669e-07;-1.93243e-07;4.66466e-09
-4.89896e-07;1.59104e-07;3.9306e-07;-2.69119e-07;2.56866e-08;1.05431e-07;-5.38489e-07;2.49103e-07;-3.95677e-08
-5.18204e-07;3.03487e-08;-5.32824e-08;1.27637e-07;3.24133e-08;8.19244e-08;-7.08264e-07;2.86259e-08;-2.02898e-07
7.46904e-09;-5.31561e-08;6.85153e-07;1.7934e-07;-9.46966e-08;1.14928e-07;-3.97526e-07;1.00375e-07;7.96173e-07
2.71763e-08;-1.13601e-07;2.38636e-07;-2.8718e-07;3.94307e-08;4.44849e-07;-3.19184e-07;1.13313e-07;7.16774e-07
-2.62792e-07;8.87471e-08;3.74498e-07;1.24634e-07;5.62204e-09;2.23177e-08;-1.5291e-07;-4.08659e-08;1.58394e-07
-2.51842e-07;-8.79515e-09;4.83626e-07;-5.36944e-07;1.94606e-07;4.79593e-07;-3.39451e-07;1.14757e-07;6.80283e-07
-5.6996e-07;2.77915e-07;-1.11203e-07;-3.73423e-07;1.66206e-08;1.67803e-07;-3.03951e-07;7.39505e-08;-4.90637e-07
-4.00819e-07;1.16606e-07;1.92527e-07;7.08948e-08;-1.01172e-07;-1.08403e-07;-2.17325e-07;2.42903e-07;-7.69751e-07
-3.31203e-07;6.61595e-08;-4.90743e-07;3.86159e-08;4.82464e-08;-6.96241e-07;-6.42562e-08;1.14946e-07;-8.62245e-07
-9.62674e-07;3.35607e-07;5.97093e-08;-6.88543e-07;2.23739e-07;3.43538e-07;-8.26198e-07;3.39953e-07;5.789e-08
-7.96899e-07;3.22511e-07;-9.35594e-08;-8.1784e-07;3.31299e-07;-1.78132e-08;-7.84523e-07;2.98282e-07;-6.87857e-08
-5.47004e-07;2.14457e-07;-9.42992e-08;-3.34748e-07;1.45443e-07;-5.19901e-07;-8.10265e-07;4.73078e-07;-4.12713e-07
-5.74155e-07;3.21461e-07;-8.21912e-07;-6.2681e-08;8.45493e-08;-8.38242e-07;-6.21976e-07;2.75243e-07;-1.04933e-06
-2.21779e-07;1.22863e-07;-7.79962e-07;-5.91759e-07;1.57223e-07;-6.56366e-07;-4.87378e-07;2.1563e-07;-8.74917e-07
-4.08112e-07;1.45443e-07;-5.70207e-07;-6.08314e-07;3.41188e-07;-7.74276e-07;-9.60883e-07;4.73078e-07;-4.44284e-07
-7.91473e-07;3.77855e-07;-7.25079e-08;-5.56474e-07;1.878e-07;-5.75647e-08;-8.24327e-07;4.1785e-07;-3.41979e-07
-8.93803e-07;3.70619e-07;4.65126e-07;-6.57494e-07;2.41498e-07;3.95103e-07;-1.03128e-06;3.46443e-07;4.84906e-08
-1.5636e-07;1.03557e-07;-7.27848e-07;-2.43363e-07;-4.56759e-09;-2.49818e-07;-5.64245e-07;1.29566e-07;-5.63484e-07
-5.54999e-07;3.53565e-07;-7.13128e-07;-9.12886e-07;4.27708e-07;-5.98255e-07;-8.12061e-07;4.41628e-07;-3.4822e-07
-4.54953e-07;3.56799e-07;-6.36024e-07;-9.84566e-07;2.22285e-07;-8.9846e-07;-7.71456e-07;5.84003e-07;-3.42551e-07
-9.66936e-07;2.48406e-07;-7.68375e-07;-1.07348e-06;4.14662e-07;-1.80614e-07;-7.8295e-07;4.24761e-07;-4.47189e-07
-7.27688e-07;3.42966e-07;-4.70277e-09;-9.78149e-07;3.5761e-07;7.04034e-08;-7.38348e-07;2.32531e-07;3.39824e-07
-2.40832e-06;7.45247e-07;-3.10989e-08;-9.25903e-07;2.86162e-07;5.89052e-08;-2.27252e-06;6.83151e-07;-9.57117e-08
-3.22991e-07;7.95336e-08;8.29428e-07;-8.13057e-07;2.79181e-07;9.01884e-07;-4.79622e-07;1.13646e-07;9.6661e-07
-1.22712e-06;3.88759e-07;4.26286e-07;-7.92919e-07;2.92634e-07;9.87449e-07;-7.79141e-07;2.11226e-07;5.97736e-07
-6.94623e-07;2.09855e-07;3.12811e-07;-9.6702e-07;2.53817e-07;2.71241e-07;-7.24652e-07;3.43495e-07;7.31457e-07
-1.05211e-06;3.77185e-07;3.66636e-08;-9.39091e-07;3.61255e-07;5.06316e-07;-8.89259e-07;3.02508e-07;7.86036e-08
-7.69693e-07;-5.47404e-08;-4.2526e-07;-3.60036e-07;7.16366e-08;-2.31233e-06;-6.29793e-07;-1.60098e-07;-1.46121e-06
-6.92487e-07;1.10228e-07;-1.98133e-06;-6.19165e-07;-5.21401e-08;-1.54416e-06;-5.44397e-07;3.12395e-08;-1.98353e-06
1.53818e-06;-3.32852e-06;-5.54946e-07;1.45935e-06;-3.73005e-06;-1.55743e-06;1.20926e-06;-3.31716e-06;-1.28086e-06
1.66648e-06;-4.96273e-06;-6.83908e-07;1.12573e-06;-3.52327e-06;-1.81943e-06;1.06196e-06;-2.86287e-06;1.62436e-07
7.87489e-07;-2.56653e-06;-2.1863e-07;9.9895e-07;-2.58339e-06;-3.9853e-08;7.87793e-07;-2.52476e-06;1.58312e-07
1.05887e-06;-2.72337e-06;-7.39801e-08;1.12938e-06;-3.32582e-06;-4.73714e-07;1.05042e-06;-2.97218e-06;-5.25206e-07
5.39042e-08;-6.47164e-07;1.47949e-07;4.09074e-07;-7.00637e-07;2.71926e-07;4.43923e-08;-9.63403e-07;4.51652e-07
6.65753e-07;-2.0276e-06;-3.98467e-07;5.58408e-07;-1.78516e-06;-4.01777e-07;5.52042e-07;-2.03275e-06;-9.42014e-08
-3.31698e-07;6.68149e-08;-5.025e-08;-2.55801e-07;1.0512e-07;2.94749e-07;-2.17228e-07;-1.37088e-08;4.19904e-08
-5.24122e-07;2.09203e-07;4.08933e-07;-3.03378e-07;1.20754e-08;3.97617e-07;-3.11154e-07;1.03447e-07;1.41157e-07
2.86469e-07;4.82464e-08;-6.53617e-07;-7.61538e-07;6.61595e-08;-1.48949e-07;-5.93709e-07;-1.99809e-07;4.35432e-07
-2.56899e-07;6.76074e-08;2.65476e-07;-1.72825e-07;6.37503e-08;1.61917e-07;-2.93395e-07;8.41166e-08;1.08071e-07
-3.07911e-07;2.48662e-08;-1.27153e-07;-1.30092e-07;3.53461e-08;7.89439e-08;-6.23671e-08;4.8375e-08;1.22092e-07
-2.31584e-07;1.06754e-07;-8.05876e-07;-5.78869e-07;2.36452e-07;-9.45585e-07;-2.02054e-08;9.34146e-08;-8.79165e-07
-3.71291e-07;3.6e-08;-1.99207e-07;4.13676e-08;-7.61303e-08;1.38927e-07;2.28475e-07;-2.89126e-08;-4.81647e-07
4.51164e-07;-1.37591e-07;-5.28555e-09;-1.13998e-07;-2.89126e-08;-4.85767e-07;6.37692e-08;-7.61303e-08;8.49092e-08
-1.40229e-07;5.15707e-08;-7.55973e-07;2.04146e-07;-4.34242e-08;-4.73585e-07;-2.23372e-07;-6.95416e-09;-3.06306e-07
1.18618e-06;-3.68131e-07;-8.86561e-08;6.48522e-07;-2.13484e-07;-2.31581e-07;3.06951e-07;-6.41259e-08;-3.98031e-07
-4.23975e-08;-5.85066e-08;-4.4376e-07;4.93312e-07;-2.01837e-07;-2.73834e-08;7.32232e-09;7.46698e-08;-1.03379e-06
6.14428e-07;-2.09262e-07;-1.56997e-08;3.32541e-07;-8.64469e-08;-6.16739e-07;-8.22808e-08;7.18758e-08;-1.00182e-06
3.96082e-07;-1.89177e-08;-7.49281e-07;6.20718e-07;-1.66024e-07;-5.92527e-08;9.65906e-07;-3.37625e-07;-6.16563e-08
3.00597e-07;-5.88025e-08;-6.60463e-07;-1.7831e-07;8.21569e-08;-8.90615e-07;-1.78691e-08;8.25295e-08;-8.77555e-07
-1.92316e-07;-6.49846e-08;-1.50748e-07;2.46791e-07;-3.54445e-08;-5.11338e-07;-9.49952e-08;1.1891e-08;3.96657e-07
5.94104e-07;-2.24893e-07;-2.97407e-07;3.06206e-07;1.37298e-07;7.34304e-08;3.04079e-07;-7.45846e-08;-4.11362e-07
-1.89203e-08;-8.53127e-09;6.36972e-07;2.32875e-07;2.81235e-08;2.53384e-07;-2.66327e-07;1.13635e-07;1.34845e-06
-1.2974e-06;4.06186e-07;-5.88656e-08;-4.81114e-07;1.79474e-07;-5.28712e-07;-1.48587e-06;4.06615e-07;-1.05222e-07
-6.81708e-07;1.92138e-07;6.18103e-08;-1.3687e-06;3.75146e-07;-2.05643e-08;-1.52998e-06;4.16356e-07;1.46777e-07
-1.79771e-07;2.50789e-09;-9.21782e-08;-3.53141e-08;1.7999e-08;5.2321e-07;-5.0359e-07;-1.72512e-07;5.1241e-07
-1.89729e-07;-1.44912e-07;1.53927e-06;-3.64161e-07;2.18173e-07;1.60929e-06;-1.8129e-07;-2.4891e-07;2.44739e-06
-3.70661e-07;-1.00802e-07;3.04112e-06;-1.87721e-08;-4.68678e-07;2.80725e-06;-3.15162e-07;-2.43855e-08;2.57264e-06
-2.2535e-07;1.7999e-08;6.6728e-07;-1.40594e-07;-1.63999e-07;1.27734e-06;-4.8639e-07;-1.72512e-07;5.28807e-07
-7.5327e-07;8.40671e-08;4.99655e-08;-2.60292e-07;1.75994e-08;-2.99719e-08;-5.76811e-07;-3.4618e-08;4.40497e-07
-7.65696e-07;3.13958e-07;-5.33411e-07;-6.39902e-07;1.94982e-07;-5.74308e-07;-1.23214e-06;3.46644e-07;-1.49193e-07
-5.18741e-07;-2.43667e-07;3.60081e-06;3.97893e-07;-1.05872e-06;2.98351e-06;1.17191e-07;-4.55682e-07;2.72261e-06
8.82511e-09;-1.04785e-07;1.47644e-06;-5.07794e-07;-2.91744e-07;6.74476e-07;-5.61204e-07;-6.2727e-08;5.86769e-07
8.77752e-08;-8.14295e-09;2.6525e-06;-2.0211e-07;-4.17999e-07;1.46456e-06;-3.5765e-07;-7.27426e-08;1.13811e-06
-2.29602e-07;-2.62903e-07;1.28902e-06;-7.76839e-07;-1.27666e-08;1.34738e-07;-3.53415e-07;-1.38715e-07;1.15929e-06
-7.59068e-07;1.58569e-07;-7.31302e-08;-1.38247e-06;3.55382e-07;-1.1754e-08;-6.10655e-07;1.3835e-07;-3.71954e-07
-7.9556e-08;4.52827e-08;-9.28878e-07;-5.79317e-07;3.35913e-07;-7.93958e-07;-3.94213e-07;1.73506e-07;-6.1423e-07
-1.03323e-06;4.29536e-07;-7.58787e-07;-5.77031e-07;3.54014e-07;-7.52644e-07;-6.24726e-07;1.84447e-07;-9.78148e-07
-6.18153e-07;1.55257e-07;-5.59952e-07;-9.13501e-07;2.29488e-07;-8.36895e-07;-5.28586e-07;3.4098e-07;-7.59748e-07
-9.4947e-07;3.81363e-07;-1.34026e-07;-7.7474e-07;3.16337e-07;-5.34419e-07;-1.32202e-06;3.63708e-07;-1.44909e-07
-5.25606e-07;1.85278e-07;1.65963e-08;-7.34465e-07;3.75808e-07;-1.34073e-08;-7.04036e-07;2.56366e-07;2.6874e-07
-8.9571e-07;4.11643e-07;-1.35936e-08;-7.93112e-07;3.3773e-07;-1.12098e-07;-8.20605e-07;3.95408e-07;-2.56961e-07
-2.05972e-06;6.38085e-07;-6.12799e-08;-1.06123e-06;2.82688e-07;1.20181e-07;-1.37009e-06;3.71754e-07;3.2256e-07
-6.86025e-07;2.27032e-07;5.78102e-07;-1.37465e-06;3.48698e-07;3.44063e-07;-1.01809e-06;2.88323e-07;4.55458e-08
8.2875e-07;-2.61706e-06;-1.33444e-07;9.48022e-07;-2.88842e-06;-2.9516e-07;9.64743e-07;-2.69746e-06;-3.25692e-07
1.59608e-06;-3.36004e-06;-7.93693e-07;1.123e-06;-3.23222e-06;-7.24432e-07;1.36823e-06;-2.88059e-06;1.64258e-07
9.15289e-07;-1.87521e-06;2.17176e-07;8.56838e-07;-1.93312e-06;-8.0177e-08;7.45264e-07;-3.03967e-06;-5.18198e-07
7.12036e-07;-2.36564e-06;-1.41009e-07;7.30459e-07;-2.50054e-06;-1.15217e-07;7.68892e-07;-2.53077e-06;-3.54849e-07
1.16886e-06;-2.42864e-06;1.73786e-07;8.94889e-07;-2.5519e-06;-8.80438e-08;1.00401e-06;-2.4699e-06;2.96102e-07
9.59464e-07;-2.85812e-06;-3.24919e-08;7.98183e-07;-2.57773e-06;1.83776e-07;9.17048e-07;-2.60389e-06;1.46583e-07
7.71105e-07;-2.47601e-06;2.93501e-07;1.03278e-06;-2.8325e-06;5.74739e-08;8.63473e-07;-2.72622e-06;-2.62706e-08
1.01336e-06;-2.79628e-06;4.22954e-07;1.30053e-06;-3.52998e-06;-9.23809e-07;9.42288e-07;-2.48346e-06;-4.37845e-07
9.59464e-07;-2.92735e-06;-1.38993e-07;9.17048e-07;-2.67739e-06;1.88696e-07;1.1175e-06;-2.81023e-06;1.66445e-07
1.02793e-06;-2.98134e-06;-9.42377e-08;8.75203e-07;-2.85593e-06;-3.16868e-08;1.15784e-06;-2.6881e-06;3.33853e-07
7.50199e-07;-2.68455e-06;-4.81021e-07;7.24702e-07;-2.59e-06;-7.7445e-08;1.02675e-06;-2.62417e-06;1.36132e-07
1.32398e-06;-3.73743e-06;-1.62745e-06;1.31717e-06;-3.39274e-06;-1.02312e-06;1.18198e-06;-3.11529e-06;2.03376e-07
9.81867e-07;-2.40284e-06;3.28405e-07;7.42801e-07;-2.64138e-06;-7.02584e-07;6.47277e-07;-2.54074e-06;-4.49651e-08
6.67011e-07;-2.18034e-06;-5.1722e-07;5.3242e-07;-2.13237e-06;-2.81955e-07;7.73634e-07;-2.55687e-06;-7.02651e-09
5.20617e-07;-1.65395e-06;2.56025e-07;4.37008e-07;-1.26031e-06;5.56136e-07;5.37178e-07;-1.54752e-06;7.34531e-07
8.81184e-07;-2.25633e-06;5.73297e-07;5.81994e-07;-2.29532e-06;-1.68068e-07;5.96546e-07;-1.74194e-06;2.905e-07
7.56505e-07;-2.25587e-06;1.23428e-07;6.73814e-07;-2.14595e-06;5.79019e-07;8.93655e-07;-2.28772e-06;4.87048e-07
4.66567e-07;-9.30186e-07;1.13615e-07;6.07256e-07;-1.35869e-06;2.4716e-07;3.05231e-07;-1.06004e-06;-2.1924e-07
5.82059e-07;-2.14899e-06;-1.75457e-07;8.81684e-07;-2.20178e-06;5.28408e-07;8.59301e-07;-2.18444e-06;-1.29141e-07
4.50778e-07;-1.57585e-06;-4.7684e-07;4.48555e-07;-1.15781e-06;-1.44647e-07;5.47284e-07;-1.62849e-06;3.85208e-08
3.82032e-07;-1.1534e-06;-3.09597e-07;3.22787e-07;-8.07503e-07;-1.75948e-07;3.38754e-07;-1.0317e-06;-3.74533e-09
1.34522e-07;-3.94072e-07;1.4095e-07;2.29842e-07;-6.09602e-07;2.8684e-07;2.17471e-07;-6.86183e-07;2.43311e-07
4.00203e-07;-1.16555e-06;6.14088e-07;3.92951e-07;-1.50402e-06;2.78287e-07;2.72663e-07;-1.11741e-06;1.51374e-07
7.31619e-07;-2.33994e-06;-1.5691e-07;7.14585e-07;-2.34055e-06;-2.22235e-07;6.11414e-07;-2.16622e-06;-2.3246e-07
7.30692e-07;-2.36049e-06;4.10721e-08;8.03995e-07;-2.50009e-06;-6.27677e-08;8.20551e-07;-2.38508e-06;-1.98562e-07
5.47284e-07;-1.65807e-06;5.9395e-09;5.39474e-07;-1.9928e-06;-1.67586e-07;4.50778e-07;-1.70769e-06;-5.02352e-07
6.88943e-07;-2.18264e-06;-1.62761e-07;6.36007e-07;-2.3007e-06;4.11319e-08;7.82052e-07;-2.30064e-06;-2.74172e-07
5.26812e-07;-1.72598e-06;-1.44705e-07;5.99529e-07;-1.97292e-06;-1.69227e-07;5.44765e-07;-1.80289e-06;-4.45024e-07
3.21251e-07;-1.12139e-06;-6.95796e-08;3.65664e-07;-1.10369e-06;-4.77676e-07;2.60469e-07;-7.97991e-07;-1.10351e-07
3.93024e-07;-1.53754e-06;-3.62978e-07;4.01242e-07;-1.31197e-06;-4.48951e-07;3.82379e-07;-1.12558e-06;-5.39993e-08
1.21847e-07;-2.47726e-07;-8.01464e-09;1.42805e-07;-4.39268e-07;-3.76964e-07;1.38223e-07;-3.08906e-07;-4.82035e-08
5.26812e-07;-1.6568e-06;-1.30491e-07;5.44765e-07;-1.70115e-06;-4.43411e-07;4.67483e-07;-1.43826e-06;-1.71486e-07
2.1725e-07;-7.69684e-07;-3.83429e-07;2.61708e-07;-7.39288e-07;-3.328e-08;3.27362e-07;-9.55544e-07;-3.15132e-07
3.64192e-07;-1.27366e-06;-1.10176e-07;5.09771e-07;-1.57404e-06;-3.51291e-07;4.19221e-07;-1.33097e-06;-5.12827e-07
7.15443e-07;-2.29008e-06;-1.41203e-07;6.83746e-07;-2.16993e-06;-3.74917e-07;5.83772e-07;-2.09548e-06;-1.36971e-07
6.41643e-07;-1.98667e-06;-3.32528e-07;6.69521e-07;-2.05938e-06;-1.38614e-07;7.23359e-07;-2.11945e-06;-2.98138e-07
1.18682e-06;-3.77535e-07;1.51237e-08;3.28613e-07;-5.57852e-08;-5.58877e-07;9.80976e-07;-3.39687e-07;-5.49449e-08
-1.82882e-07;6.06443e-08;-7.89552e-07;3.65642e-07;-6.87052e-08;-6.28376e-07;2.44773e-07;-8.30807e-08;-4.72614e-07
-1.05581e-07;-8.53127e-09;4.30673e-07;2.72137e-07;-1.25355e-07;-5.35287e-07;3.02501e-07;2.81235e-08;2.88025e-08
3.492e-07;-1.10927e-07;-5.71944e-07;1.09491e-06;-3.63112e-07;-9.82533e-08;2.53532e-07;-8.68876e-08;-4.91391e-07
1.0555e-06;-3.45788e-07;-8.84665e-08;1.24351e-06;-3.43936e-07;-1.47541e-07;5.49986e-07;-1.93901e-07;-2.38044e-07
-4.2491e-07;-8.66502e-08;3.00102e-06;-1.40706e-07;-2.70824e-07;2.50066e-06;-4.62182e-07;2.0166e-07;1.69173e-06
5.5329e-07;-1.77615e-07;-2.18454e-07;9.90352e-07;-2.29837e-07;-2.86599e-07;2.71425e-07;6.87712e-08;1.85784e-07
8.26465e-07;-2.16988e-07;-5.43756e-08;1.46895e-07;6.87712e-08;3.16239e-07;1.12024e-06;-2.29837e-07;5.57636e-08
-4.68382e-07;-1.93674e-08;3.37818e-06;-5.87967e-07;-5.26202e-07;3.8669e-06;2.91324e-07;-1.35582e-06;3.3927e-06
-3.74262e-06;7.28185e-07;9.43842e-07;-1.67944e-06;-6.14877e-07;4.32836e-06;5.44596e-08;-6.21862e-07;4.9299e-06
1.82322e-07;8.19349e-08;3.64829e-07;5.97287e-07;-6.59414e-08;-1.32507e-07;-2.83226e-07;1.45491e-07;1.38039e-06
5.22779e-07;-2.24509e-08;-3.30478e-07;-7.79422e-07;2.8667e-07;1.61227e-06;-2.70644e-07;1.16171e-07;1.52154e-06
-8.88626e-07;4.36882e-07;1.61838e-06;7.02866e-07;-1.30085e-07;-4.57174e-07;2.23388e-07;4.38235e-08;-5.35826e-07
-6.74274e-07;3.78585e-07;1.85564e-06;-5.38293e-07;-2.76924e-07;3.31314e-06;-3.42834e-07;2.35454e-07;1.45362e-06
4.53944e-07;-1.23117e-06;2.97859e-06;-8.41728e-07;-7.26426e-07;4.5295e-06;9.76681e-07;-2.56223e-06;1.89293e-06
-1.86068e-06;-8.39496e-07;3.92249e-06;-6.8055e-08;-3.46002e-06;3.78431e-06;-9.47915e-07;1.94838e-07;4.74423e-06
8.69601e-07;-2.35352e-06;1.61004e-06;-2.68806e-07;-2.82219e-06;1.67713e-06;5.20784e-07;-2.36325e-06;7.97884e-08
2.73505e-07;-8.65928e-08;6.51139e-07;-9.33689e-08;-2.42796e-07;2.88897e-06;1.66436e-06;-6.38203e-07;6.32409e-08
2.49046e-07;-4.60271e-07;1.46939e-06;2.82638e-06;-1.30128e-06;-1.25232e-06;2.1679e-06;-5.582e-07;8.60368e-07
3.69845e-07;-1.24124e-06;2.79956e-06;9.42248e-07;-2.44744e-06;1.87704e-06;1.71092e-06;-1.94777e-06;-6.75667e-07
1.39969e-06;-2.5817e-06;-5.92299e-07;5.73714e-07;-2.21874e-06;3.81233e-07;1.49306e-06;-2.30725e-06;-8.07519e-07
1.09901e-06;-1.73183e-06;-1.41152e-06;1.19461e-06;-2.2302e-06;-1.03986e-06;1.06413e-06;-1.95731e-06;-4.18648e-07
8.21659e-07;-2.44744e-06;1.41443e-06;1.79527e-06;-2.65086e-06;-2.64313e-07;1.55601e-06;-1.94777e-06;-5.7403e-07
8.13183e-07;-8.6014e-07;1.3924e-06;4.0285e-07;-1.31098e-06;2.83982e-06;1.62778e-06;-1.73537e-06;-8.15085e-07
-6.65148e-08;-1.6013e-07;1.91731e-06;1.82328e-07;-2.45811e-07;3.01718e-06;1.06528e-07;-2.16015e-07;3.04251e-07
1.0026e-06;-1.93638e-06;-4.77711e-07;1.06857e-06;-1.33705e-06;-9.03342e-07;9.45758e-07;-1.73646e-06;-1.35251e-06
1.55582e-06;-2.53608e-06;-3.46314e-07;2.0976e-06;-2.64361e-06;-1.33025e-06;1.64555e-06;-2.12865e-06;-6.99341e-07
1.39901e-06;-1.95493e-06;3.96328e-07;1.0167e-07;-1.89121e-06;-4.24246e-07;1.83091e-06;-2.5797e-06;6.16828e-07
1.35056e-06;-2.13408e-06;-1.30052e-06;1.8947e-06;-2.77627e-06;-1.15514e-06;1.40373e-06;-2.34252e-06;-1.23812e-06
7.65881e-07;-2.30089e-06;-6.48062e-08;8.35941e-07;-2.16386e-06;1.72229e-08;7.0709e-07;-2.14971e-06;1.70894e-07
7.80806e-07;-5.50365e-07;1.32946e-06;1.49629e-06;-6.82817e-07;2.43889e-07;-9.02102e-08;-3.11685e-07;3.0669e-06
2.04439e-06;-2.6529e-06;-1.23085e-06;1.31267e-06;-2.21333e-06;-8.15832e-07;1.54912e-06;-2.50332e-06;-1.83605e-07
6.80053e-07;-1.78377e-06;9.67428e-08;4.5704e-07;-1.8462e-06;7.59107e-08;5.32531e-07;-1.80421e-06;1.47923e-08
6.87557e-07;-1.92682e-06;7.45542e-08;6.02466e-07;-1.97711e-06;-4.69227e-09;7.16374e-07;-1.80665e-06;2.08619e-08
5.78746e-07;-1.84343e-06;2.37669e-07;7.11827e-07;-1.85827e-06;1.7811e-07;5.31795e-07;-1.98107e-06;1.51733e-07
1.31267e-06;-2.32576e-06;-6.90875e-07;2.2837e-07;-1.76603e-06;1.55809e-07;1.54912e-06;-2.26997e-06;1.67315e-07
-1.9949e-07;1.45834e-07;1.53535e-06;-2.17877e-07;-2.07292e-07;1.39464e-06;-4.30952e-08;-3.34685e-08;5.64279e-07
-3.92219e-07;-2.94103e-07;8.8218e-07;-1.91876e-07;-1.06046e-07;1.59037e-06;-1.68012e-07;-2.81962e-07;2.12289e-06
-5.39487e-09;-2.42027e-07;2.69626e-06;-1.54854e-08;-3.6266e-07;1.88748e-06;-3.31484e-07;-3.6554e-09;2.62623e-06
-9.9335e-07;2.01303e-07;2.644e-07;-5.41499e-08;-5.97707e-08;1.69355e-06;-9.2651e-09;-1.09785e-07;1.26707e-07
-2.18343e-07;2.30997e-08;-1.95359e-07;-7.28138e-07;8.8456e-08;-8.17256e-08;-5.25626e-07;1.32273e-07;-5.08652e-07
-1.25427e-06;2.43081e-07;-1.33437e-08;-7.47135e-07;1.25957e-07;1.93505e-07;-5.79608e-07;2.10221e-08;3.78283e-07
1.21612e-06;-3.52849e-06;-1.1828e-06;1.19914e-06;-3.23323e-06;-7.02639e-07;1.41833e-06;-3.35493e-06;-9.11822e-07
1.12938e-06;-3.32454e-06;-5.30383e-07;1.05887e-06;-2.96618e-06;3.00153e-08;1.22092e-06;-3.14868e-06;-5.01962e-07
1.16637e-06;-3.79118e-06;-1.65455e-06;9.71646e-07;-3.31275e-06;-6.64494e-07;1.58138e-06;-3.03125e-06;-2.0371e-07
5.33434e-07;-1.96954e-06;-3.51571e-07;6.12679e-07;-2.15722e-06;2.51473e-08;7.33029e-07;-2.187e-06;-6.11295e-08
4.78173e-07;-1.32345e-06;-2.11977e-07;5.98625e-07;-1.41548e-06;5.81592e-07;6.0652e-07;-2.05872e-06;6.8923e-08
1.10945e-07;-1.4502e-06;7.78718e-07;9.72071e-07;-1.09417e-06;-1.30905e-07;7.45128e-07;-1.41952e-06;-1.16244e-07
9.26179e-08;-7.63843e-07;6.40733e-08;4.64536e-07;-6.85431e-07;2.1179e-07;5.93185e-07;-9.52703e-07;2.76339e-07
2.12116e-07;-1.8094e-07;1.72261e-07;1.30817e-07;-2.01829e-07;2.29e-07;2.76512e-07;-1.38042e-07;-9.37109e-08
2.1273e-07;-1.99644e-07;3.55146e-08;2.00522e-07;-3.16292e-07;2.32183e-07;1.38083e-07;-2.62784e-07;-1.78745e-07
-2.18593e-06;5.7511e-07;9.05428e-07;-7.6856e-07;3.22087e-07;2.1422e-06;4.21847e-07;1.25561e-09;-3.73776e-07
-2.68264e-07;-2.88539e-07;3.30913e-06;-9.3204e-07;2.83567e-07;2.35308e-06;-7.28092e-07;-3.3972e-07;3.91326e-06
9.24908e-07;-2.35352e-06;1.93147e-06;-8.98816e-07;-6.90649e-07;4.65251e-06;-1.94186e-07;-2.82219e-06;3.54049e-06
-8.33289e-07;3.66197e-07;2.08751e-06;-2.15808e-06;5.967e-07;9.5901e-07;-1.09865e-06;-5.42341e-07;4.86367e-06
-2.47945e-06;1.85731e-06;-2.30532e-06;-1.05757e-05;1.3477e-06;9.00572e-06;-1.57837e-06;-5.38435e-07;4.10195e-06
1.31725e-06;-2.06764e-06;-2.75869e-07;1.38694e-06;-2.26963e-06;-8.86969e-07;4.52617e-07;-2.18842e-06;3.28878e-07
-1.81882e-06;-6.54949e-07;3.74499e-06;-4.41174e-06;-3.82618e-06;9.99568e-06;3.24675e-07;-2.73733e-06;2.53682e-06
9.11295e-07;-2.03966e-06;-1.79879e-07;6.2576e-07;-1.38936e-06;1.25443e-06;9.92193e-07;-1.11363e-06;-7.62263e-07
-1.1297e-06;-1.73904e-06;5.28177e-06;-4.59515e-08;-3.20787e-06;7.91645e-06;-1.06573e-07;-1.27438e-06;3.13744e-06
-1.50969e-06;-1.03915e-06;4.85991e-06;-7.49479e-07;-2.73733e-06;1.72871e-06;-4.17045e-06;-3.82618e-06;3.00459e-06
-1.85703e-07;-1.26844e-06;6.79931e-07;-7.01144e-07;-5.71909e-07;7.43541e-07;4.76103e-07;-9.2804e-07;2.44698e-06
-1.30178e-06;-1.35074e-06;4.14399e-06;8.86844e-08;-1.51803e-06;1.71896e-06;5.81353e-08;-2.12242e-06;7.71074e-09
4.25516e-07;-2.14153e-06;1.02872e-06;7.31785e-07;-1.26028e-06;1.22656e-06;4.73146e-07;-3.37271e-07;7.54752e-07
9.16059e-08;-2.16381e-06;3.69625e-06;1.00108e-06;-3.1902e-06;5.10378e-06;6.22604e-07;-1.61772e-06;7.84392e-07
1.08025e-06;-2.44102e-06;3.23619e-06;1.21045e-07;-1.79044e-06;2.42112e-06;2.61745e-07;-2.11478e-06;4.28583e-06
1.28292e-06;-3.23868e-06;4.76479e-06;1.71843e-06;-2.94798e-06;-6.40496e-08;3.19351e-08;-1.50785e-06;1.55878e-06
1.15364e-06;-2.89473e-06;5.55181e-06;1.18408e-06;-2.70665e-06;4.2459e-06;-8.99907e-07;-1.78393e-06;4.86668e-06
-1.54701e-08;-1.38797e-06;2.18193e-06;6.76068e-07;-2.02739e-06;2.45091e-06;8.94479e-07;-2.604e-06;1.93284e-06
-1.50969e-06;-1.41592e-06;4.65909e-06;-4.17045e-06;-3.00333e-06;1.09471e-05;1.05021e-06;-2.72306e-06;6.29196e-06
8.96068e-07;-1.59452e-06;1.05664e-06;5.24188e-07;-1.5625e-06;-7.51213e-08;2.8973e-07;-2.20019e-06;8.59909e-07
6.713e-07;-2.64192e-06;5.99418e-06;1.14034e-06;-9.61517e-06;9.64605e-06;1.70279e-06;1.89062e-07;-1.3257e-06
-2.58609e-07;-3.17236e-06;1.78455e-06;-2.58649e-06;-1.19238e-06;3.62988e-06;6.68159e-07;-2.06032e-06;-4.21138e-07
-1.04098e-07;-1.3503e-06;1.81087e-06;-1.1297e-06;-1.53943e-06;4.09439e-06;-1.06573e-07;-1.8075e-06;3.695e-06
7.74778e-08;-1.61507e-06;1.64559e-06;1.20716e-06;-2.04141e-06;-8.74101e-08;3.16661e-07;-2.06705e-06;5.13308e-07
5.84716e-07;-1.40894e-06;1.32491e-06;5.85969e-07;1.62244e-07;-2.40173e-07;9.4013e-07;-1.17621e-06;-5.64667e-07
6.09294e-07;-1.96101e-06;-8.78933e-08;5.67486e-07;-1.8272e-06;-9.51663e-07;5.28702e-07;-1.85699e-06;-3.80806e-07
-3.97002e-07;-5.54099e-07;1.06549e-06;-9.53414e-08;-5.52703e-07;4.11071e-07;4.85332e-07;-9.76652e-07;2.4076e-06
8.35373e-07;-1.04021e-06;-1.59595e-06;1.70331e-07;-2.32476e-07;3.40493e-07;4.00944e-07;-1.17647e-06;-1.43077e-06
9.63538e-07;-1.99493e-06;-1.18732e-06;1.09493e-06;-2.08426e-06;-1.75043e-06;5.9204e-07;-1.45302e-06;-1.3561e-06
7.08319e-07;-1.40217e-06;-1.15386e-06;-1.44867e-07;1.75331e-06;-9.85535e-07;-4.72622e-08;7.62647e-08;3.93001e-07
1.40785e-06;-2.29228e-06;-5.45343e-07;5.91412e-07;-1.96589e-06;-3.00095e-07;8.4517e-07;-1.7458e-06;4.01512e-07
6.00093e-07;-1.23116e-06;-1.26968e-06;1.12141e-06;-2.13439e-06;-1.58652e-06;1.0148e-06;-1.83887e-06;-1.63576e-06
6.16318e-07;-1.77703e-06;-9.83778e-07;5.27637e-07;-1.35867e-06;-1.11953e-06;5.95238e-07;-1.73229e-06;1.1021e-07
4.73825e-07;-2.40542e-06;-5.90144e-08;1.61948e-06;-2.4887e-06;-2.9218e-07;8.0133e-07;-2.42323e-06;1.40503e-06
1.89882e-06;-2.64707e-06;-1.02181e-06;1.41034e-06;-2.53031e-06;-8.55552e-07;1.51154e-06;-2.46663e-06;-1.25443e-06
4.28525e-07;-1.31105e-06;2.84107e-06;8.95115e-07;-8.58041e-07;1.3271e-06;6.21954e-08;-2.64747e-07;2.78685e-06
2.19519e-06;-1.49127e-06;-4.11725e-07;7.89892e-07;-4.268e-07;8.7309e-07;1.60996e-06;-1.98719e-06;-1.23759e-06
1.31133e-06;-2.23386e-06;-1.56041e-06;9.82788e-07;-2.025e-06;-1.13697e-06;1.34411e-06;-2.32091e-06;-8.65838e-07
5.89647e-07;-1.36413e-06;-1.27235e-06;6.41634e-07;-1.77294e-06;-8.66937e-07;9.41897e-07;-2.06505e-06;-1.27764e-06
6.41634e-07;-1.82823e-06;-9.33462e-07;6.74074e-07;-1.93574e-06;1.73694e-08;9.41897e-07;-1.99121e-06;-1.23797e-06
7.22473e-07;-2.00435e-06;-1.06203e-07;5.28288e-07;-1.78047e-06;3.47945e-07;5.27045e-07;-1.75378e-06;7.08157e-08
8.63465e-07;-2.60664e-06;-4.63369e-07;9.43168e-07;-2.6675e-06;-2.30061e-08;9.87106e-07;-2.88706e-06;-3.39352e-07
8.72327e-07;-2.65623e-06;-1.73114e-07;7.6197e-07;-2.50258e-06;1.50905e-07;8.70008e-07;-2.61355e-06;8.17912e-08
2.09207e-07;-4.18441e-07;1.98402e-07;3.02285e-07;-6.29482e-07;3.76695e-07;1.06121e-07;-5.21622e-07;-1.44025e-08
2.60082e-07;-8.5911e-07;3.79151e-07;1.86424e-07;-8.22886e-07;2.14875e-07;3.14282e-07;-8.48916e-07;3.42615e-07
1.6169e-07;-6.52769e-07;1.93626e-07;1.56684e-07;-4.20425e-07;1.77013e-07;2.94379e-07;-7.47807e-07;3.13925e-07
2.23493e-07;-6.48499e-07;-3.14979e-07;1.40309e-07;-4.45149e-07;-6.59935e-08;3.37171e-07;-7.27241e-07;1.94122e-07
1.83355e-07;-3.50707e-07;2.40284e-07;2.04916e-07;-3.93862e-07;2.12151e-07;1.62015e-07;-3.48842e-07;-1.32119e-07
1.06786e-07;-2.10732e-07;1.31969e-07;1.9779e-07;-4.36409e-07;6.41101e-08;1.49576e-07;-4.96615e-07;4.33819e-07
1.72746e-07;-3.3646e-07;-5.49712e-08;2.33566e-07;-2.42589e-07;3.34073e-08;1.74355e-07;-2.7984e-07;1.87146e-07
5.98625e-07;-2.38179e-06;7.53723e-07;4.78173e-07;-2.34562e-06;2.81352e-08;5.09127e-07;-1.07227e-06;-6.37082e-08
2.96394e-07;-1.12333e-06;-1.6487e-07;6.37204e-07;-1.15384e-06;6.9072e-08;3.64979e-07;-1.70461e-06;2.97804e-07
-5.56933e-08;-1.44222e-06;7.24216e-07;3.41829e-09;-9.30596e-07;3.0851e-07;7.33321e-07;-9.58359e-07;7.57284e-08
2.21776e-07;-7.00595e-07;-2.59146e-07;3.40121e-07;-8.13606e-07;1.0375e-07;2.52813e-07;-9.08796e-07;-1.20414e-07
5.43922e-08;-2.54253e-07;6.66114e-08;1.74453e-07;-1.2367e-07;-2.6812e-07;3.05016e-07;-1.9101e-07;2.89903e-07
2.57555e-07;-6.58144e-07;-4.19523e-08;2.19485e-07;-6.05703e-07;-3.41591e-07;1.57322e-07;-5.36688e-07;-1.83609e-07
1.75023e-07;-2.33147e-07;3.05031e-08;2.45879e-07;-2.32606e-07;-1.61179e-07;2.17186e-07;-1.10742e-07;1.18374e-07
-1.65873e-07;-1.41709e-06;2.07237e-06;6.21299e-08;-1.5578e-06;2.35794e-06;-8.87169e-08;-1.67766e-06;1.49653e-06
-4.48051e-08;-7.05196e-07;-1.47019e-08;2.79665e-08;-4.03304e-07;4.61105e-08;4.62722e-07;-5.26747e-07;3.68661e-07
-1.10444e-07;-1.52468e-06;1.93616e-06;-1.13105e-07;-1.08618e-06;1.32345e-06;3.08693e-07;-1.13438e-06;1.69343e-06
1.04262e-06;-3.9635e-06;7.20398e-07;4.18064e-07;-1.55419e-06;9.78547e-07;5.43408e-07;-1.90333e-06;2.93461e-06
1.33336e-06;-3.82531e-06;2.60817e-06;1.63114e-06;-3.51405e-06;1.79961e-06;1.08182e-06;-2.2643e-06;2.39766e-06
2.53817e-07;-1.07543e-06;1.97064e-06;2.10128e-07;-9.88802e-07;2.21646e-06;2.79115e-08;-1.55051e-06;2.85444e-06
2.64429e-07;-1.36256e-06;1.62826e-06;-2.23413e-07;-1.36425e-06;1.90254e-06;-1.73988e-07;-1.75061e-06;3.43707e-06
1.10939e-06;-2.05606e-06;1.80396e-09;7.35562e-08;-1.59133e-06;1.53601e-06;5.68934e-07;-1.39017e-06;1.1968e-06
4.25516e-07;-1.46191e-06;8.93851e-07;4.73146e-07;-1.5601e-06;-3.05757e-07;-3.97947e-07;-6.22026e-07;7.38945e-07
2.56156e-07;1.35549e-06;6.18143e-08;4.24665e-07;-1.92166e-06;1.92368e-06;-1.54125e-07;1.12519e-07;4.05218e-07
-2.71414e-07;-6.75092e-07;8.12409e-07;4.72758e-07;-1.60072e-06;-3.46773e-07;2.99679e-07;-1.61442e-06;-1.02824e-07
6.89478e-07;-1.69986e-06;7.44674e-07;8.53303e-07;-1.71217e-06;1.88587e-06;1.24977e-07;-2.04535e-06;3.58139e-06
1.95975e-06;-3.65155e-06;1.12425e-07;1.23066e-06;-3.25115e-06;-8.56038e-07;7.91055e-08;-2.46271e-06;-9.09169e-08
-1.49325e-07;-1.7793e-06;2.74609e-06;1.4983e-08;-1.69339e-06;1.17619e-06;7.84187e-08;-2.02507e-06;9.0482e-07
2.64429e-07;-1.46468e-06;1.52849e-06;-1.73988e-07;-1.71201e-06;3.94583e-06;4.77704e-07;-2.25666e-06;3.50144e-06
6.61204e-07;-2.73951e-06;4.54182e-06;4.07128e-07;-2.07025e-06;3.85344e-06;-9.65699e-08;-1.62794e-06;4.15733e-06
6.82898e-08;-1.84953e-06;1.50328e-06;-1.11102e-07;-1.33567e-06;2.64374e-06;6.11033e-07;-2.04461e-06;3.16338e-06
1.39836e-07;-1.77161e-06;2.36059e-06;-1.40712e-07;-1.73976e-06;2.85572e-06;4.97126e-07;-1.90014e-06;3.58829e-06
3.80323e-07;-1.71132e-06;1.64696e-06;3.66434e-07;-1.97839e-06;3.34761e-06;5.05436e-07;-2.04527e-06;3.55797e-06
1.29178e-06;-2.25191e-06;-1.38684e-06;1.14511e-06;-1.84897e-06;-1.54674e-06;1.18618e-06;-2.04514e-06;-1.42176e-06
1.90519e-06;-2.75334e-06;-9.52668e-07;1.3379e-06;-2.2346e-06;-1.54857e-06;1.37536e-06;-2.31742e-06;-8.43215e-07
1.34411e-06;-2.26613e-06;-5.73732e-07;9.82788e-07;-2.11561e-06;-1.08778e-06;7.34001e-07;-1.98103e-06;-3.318e-07
5.88485e-07;-1.77925e-06;5.44475e-08;3.95313e-07;-1.80137e-06;2.38355e-07;4.17188e-07;-1.82421e-06;1.24898e-07
9.37799e-07;-2.07823e-06;-1.02618e-06;5.07266e-07;-1.89466e-06;-1.2712e-08;9.50721e-07;-2.02469e-06;-3.28979e-07
5.81944e-07;-1.83776e-06;4.00996e-08;8.64946e-07;-1.94418e-06;-2.22173e-07;5.64553e-07;-1.95882e-06;-7.8189e-08
7.35708e-07;-1.96728e-06;-8.72022e-08;4.35389e-07;-1.84532e-06;1.06729e-07;6.87475e-07;-1.825e-06;1.14381e-07
6.07636e-07;-1.91473e-06;1.33486e-08;6.43672e-07;-2.13737e-06;1.2848e-07;7.00384e-07;-1.99307e-06;-1.10895e-07
5.92691e-07;-2.00509e-06;-3.73385e-08;5.80003e-07;-1.82135e-06;4.51295e-08;5.31087e-07;-1.92539e-06;7.07634e-08
6.94489e-07;-1.77298e-06;7.51644e-08;5.02058e-07;-1.58914e-06;-2.12935e-07;5.73594e-07;-1.48045e-06;-3.26965e-08
6.62983e-07;-2.12801e-06;5.96735e-08;6.11476e-07;-1.90889e-06;-1.4945e-09;6.88838e-07;-2.02472e-06;-1.98011e-08
5.02058e-07;-1.76e-06;-1.19903e-07;6.94489e-07;-1.78262e-06;9.41523e-08;5.37216e-07;-1.9671e-06;8.93405e-09
6.55127e-07;-2.02629e-06;-4.57611e-09;8.33648e-07;-2.38514e-06;2.91174e-07;6.92191e-07;-2.13034e-06;5.91182e-08
5.46935e-07;-1.82148e-06;-3.27069e-07;5.17568e-07;-2.13636e-06;1.50371e-07;7.21861e-07;-2.09108e-06;-1.05396e-07
4.18989e-07;-1.64799e-06;-3.91965e-07;5.6079e-07;-1.59906e-06;-1.33567e-08;5.28631e-07;-1.9894e-06;1.74166e-07
4.79904e-07;-2.03133e-06;-2.3883e-08;8.309e-07;-1.70016e-06;-4.04125e-07;8.82016e-07;-1.95203e-06;-1.93984e-07
6.9877e-07;-2.05217e-06;1.05774e-07;8.33145e-07;-2.52132e-06;2.39653e-07;7.92225e-07;-2.42472e-06;-2.42527e-09
6.35527e-07;-1.74219e-06;2.39489e-07;5.0468e-07;-1.55327e-06;6.31005e-08;5.07569e-07;-1.46925e-06;2.58524e-07
4.58526e-07;-1.30171e-06;-2.31741e-08;5.26311e-07;-1.33253e-06;3.56463e-08;5.0629e-07;-1.42272e-06;3.41625e-08
6.92863e-07;-1.8489e-06;3.48825e-07;6.90606e-07;-1.84443e-06;-4.75296e-08;6.57786e-07;-1.64386e-06;7.41492e-08
4.56161e-07;-1.29481e-06;2.9967e-08;3.62974e-07;-1.19107e-06;-3.61622e-08;4.35265e-07;-1.33068e-06;3.81948e-08
5.49171e-07;-1.5557e-06;-8.49671e-08;4.67036e-07;-1.40174e-06;-1.14687e-07;5.57685e-07;-1.45345e-06;5.4825e-08
3.71021e-07;-1.13093e-06;-6.83252e-08;3.01512e-07;-9.3265e-07;-2.01282e-07;2.71247e-07;-9.25791e-07;7.83766e-08
5.6079e-07;-1.6459e-06;1.27964e-07;4.18989e-07;-1.45334e-06;-3.05669e-07;4.83766e-07;-1.46033e-06;1.98306e-08
4.35853e-07;-1.20432e-06;1.09936e-07;4.89303e-07;-1.33944e-06;6.85098e-08;3.99777e-07;-1.13571e-06;6.40018e-08
4.63694e-07;-1.40335e-06;5.67379e-08;4.12445e-07;-1.36944e-06;-2.28311e-07;3.7488e-07;-1.11367e-06;-9.69612e-08
5.79209e-07;-2.127e-06;1.11716e-07;4.63998e-07;-2.15292e-06;6.60849e-08;8.17934e-07;-1.98707e-06;-3.51842e-08
5.80447e-07;-1.81192e-06;-3.60214e-07;7.62246e-07;-1.98917e-06;-3.96355e-08;6.6072e-07;-2.10834e-06;-1.74702e-07
4.54139e-07;-1.68516e-06;1.87047e-06;6.12703e-07;-2.34716e-06;2.78826e-07;9.51801e-08;-1.21203e-06;3.3457e-07
-1.03791e-07;-1.57124e-06;2.42051e-06;4.04441e-08;-1.46923e-06;2.36994e-06;-1.74476e-08;-1.53353e-06;2.33191e-06
5.43104e-07;-7.62775e-07;1.44783e-06;8.54191e-07;-1.74679e-06;3.08288e-06;4.88061e-07;-6.81498e-07;2.41042e-06
-1.72531e-08;-1.06592e-06;1.65791e-06;1.88575e-07;-1.74294e-06;2.15427e-06;4.45899e-07;-1.42625e-06;3.25223e-07
8.90972e-07;-1.86396e-06;3.05878e-06;1.42456e-07;-1.34221e-06;2.38152e-06;1.9956e-07;-9.84255e-07;2.21269e-06
5.82509e-07;-9.00949e-07;2.69203e-06;3.05681e-07;-1.15564e-06;1.62423e-06;-2.12367e-07;1.28147e-07;3.43434e-07
1.48847e-08;-2.5576e-07;1.24746e-06;-2.33269e-07;-3.25346e-09;1.3068e-06;7.77675e-07;-1.13792e-06;1.79517e-06
9.25735e-07;-3.27408e-06;2.90812e-06;3.59132e-07;-1.93022e-06;2.43912e-06;6.17486e-07;-4.13163e-06;1.15959e-06
5.72944e-07;-2.4763e-07;1.38248e-06;-3.66783e-07;6.88467e-07;6.94943e-07;6.27885e-07;-7.02744e-08;8.99106e-07
5.62907e-07;-4.03714e-07;1.64753e-06;6.68926e-07;-1.01819e-06;1.80615e-06;8.99772e-07;-2.15188e-06;3.38348e-06
-5.8505e-07;-5.36856e-07;2.71452e-06;-7.48178e-07;-1.00239e-06;3.64279e-06;3.75165e-07;-2.35889e-06;4.07492e-06
5.82509e-07;-7.4241e-07;2.51835e-06;-2.12367e-07;1.88984e-07;7.61266e-09;3.31908e-07;-7.79794e-07;1.5764e-06
-4.96224e-07;1.37909e-06;-1.32421e-07;-2.72696e-07;7.69118e-08;3.9539e-07;-1.72104e-07;6.59129e-07;8.07046e-07
3.8223e-07;-4.71058e-07;1.93546e-06;1.28043e-07;-2.7729e-09;1.56265e-07;-3.86017e-07;1.6461e-06;3.44713e-07
3.48798e-08;-1.73019e-06;1.95022e-06;2.06678e-07;-1.09216e-06;2.08341e-06;8.49125e-08;-1.37519e-06;2.64864e-06
-1.44608e-07;2.52187e-07;1.45798e-07;4.79151e-08;-1.08141e-06;1.77864e-06;4.27085e-07;-1.58368e-06;2.08313e-07
6.16318e-07;-1.77771e-06;-1.09135e-06;5.95238e-07;-1.84097e-06;-9.05488e-08;6.06173e-07;-1.85495e-06;-4.17799e-07
7.82177e-07;-2.26636e-06;3.66232e-07;6.95591e-07;-1.92185e-06;-1.45523e-07;5.96383e-07;-2.18866e-06;4.04142e-07
5.79024e-07;-1.81658e-06;-4.06571e-07;6.28107e-07;-1.89473e-06;-1.11441e-07;6.35407e-07;-2.27765e-06;-7.55923e-08
6.48962e-07;-1.88593e-06;1.6032e-07;6.24256e-07;-1.8753e-06;7.02484e-08;4.72838e-07;-1.84627e-06;6.0577e-08
6.79934e-07;-2.05602e-06;-4.88329e-09;4.89007e-07;-1.77895e-06;1.32982e-07;6.85514e-07;-2.11105e-06;4.18387e-08
4.66151e-07;-1.8777e-06;3.08699e-08;7.3933e-07;-1.87978e-06;2.16292e-07;6.55418e-07;-1.93861e-06;6.48601e-09
6.74088e-07;-1.7191e-06;2.25819e-07;6.81502e-07;-1.86347e-06;3.52553e-07;6.55896e-07;-2.01453e-06;6.8534e-08
5.79956e-07;-1.80637e-06;2.19399e-07;5.39543e-07;-1.63795e-06;1.79385e-07;6.39956e-07;-1.65652e-06;2.68053e-07
6.10432e-07;-1.60674e-06;9.64112e-08;6.70782e-07;-1.7624e-06;5.9435e-08;5.52548e-07;-1.46241e-06;-6.75344e-08
6.55816e-07;-1.89525e-06;7.42031e-08;6.82499e-07;-1.81609e-06;2.63696e-07;5.64751e-07;-1.89735e-06;1.01408e-07
4.87023e-07;-1.44117e-06;1.57547e-07;6.54108e-07;-1.75822e-06;2.42046e-07;6.26463e-07;-1.59858e-06;2.89827e-08
3.50963e-07;-1.37745e-06;-2.01538e-07;4.44504e-07;-1.1564e-06;3.36396e-07;5.9648e-07;-1.07888e-06;3.82048e-07
1.75618e-07;-6.03927e-07;1.13462e-07;1.86536e-07;-7.58915e-07;2.60858e-07;1.41086e-07;-7.12999e-07;-9.74827e-08
3.11814e-07;-1.19621e-06;-9.94985e-08;4.11679e-07;-9.25462e-07;-3.51146e-07;5.01956e-07;-1.12241e-06;-1.31571e-07
2.9717e-07;-6.83439e-07;1.6206e-07;1.43477e-07;-3.61068e-07;-1.85086e-07;2.33182e-07;-3.51421e-07;3.44279e-07
1.44316e-07;-4.03056e-07;-3.41362e-07;1.25807e-07;-4.02485e-07;7.42181e-08;2.05729e-07;-5.82328e-07;-9.61185e-08
1.06081e-06;-4.0877e-06;7.00155e-07;2.33519e-06;-6.77181e-06;-2.46851e-07;1.38559e-06;-5.53291e-06;5.58111e-07
1.56874e-06;-3.75487e-06;2.05073e-06;7.21007e-07;-1.64759e-06;2.48806e-06;9.9776e-07;-2.42778e-06;2.6339e-06
-2.60603e-06;-1.48868e-06;5.48299e-06;1.71818e-06;-6.60807e-06;9.01809e-06;1.69514e-06;-5.04418e-06;6.3391e-06
-9.78105e-07;5.28149e-07;1.53872e-06;-1.48786e-06;1.19677e-06;2.69308e-06;6.07007e-07;-7.58043e-07;2.54106e-06
7.71803e-07;-1.07184e-06;-1.11572e-06;6.08673e-07;-1.18541e-06;-1.31011e-06;8.90133e-07;-1.75699e-06;-1.44364e-06
6.40501e-07;-1.85823e-06;1.97847e-07;4.16277e-07;-1.04444e-06;-1.33969e-06;3.08368e-07;-9.72079e-07;5.97661e-07
5.8182e-07;-1.94826e-06;-3.4419e-08;6.80362e-07;-1.8953e-06;7.43983e-08;5.83262e-07;-1.89602e-06;6.8027e-08
6.90606e-07;-1.73187e-06;-1.61422e-08;6.92863e-07;-1.64804e-06;3.09889e-07;6.81081e-07;-1.97923e-06;1.28228e-07
4.39093e-07;-1.33333e-06;-4.0189e-08;5.10502e-07;-1.55947e-06;8.9852e-08;4.79104e-07;-1.4158e-06;-1.11885e-08
4.85234e-07;-1.31042e-06;-8.19875e-08;5.15459e-07;-1.37222e-06;2.21785e-08;5.73501e-07;-1.65032e-06;7.96077e-08
6.08114e-07;-1.69853e-06;1.26044e-07;5.5293e-07;-1.50025e-06;-6.23658e-08;5.15425e-07;-1.3823e-06;1.93737e-09
4.66792e-07;-1.28189e-06;4.3673e-09;4.89288e-07;-1.35519e-06;2.90386e-09;4.96789e-07;-1.38916e-06;-7.41524e-09
4.35018e-07;-1.33191e-06;2.86189e-08;3.41487e-07;-1.14833e-06;-1.50605e-07;4.50562e-07;-1.21887e-06;8.57363e-08
4.8411e-07;-1.28688e-06;4.89131e-08;4.21784e-07;-1.29181e-06;1.56863e-08;4.1775e-07;-1.25839e-06;1.15843e-08
4.87989e-07;-1.34711e-06;4.36241e-08;4.66841e-07;-1.31563e-06;3.87895e-09;4.062e-07;-1.20682e-06;-3.54623e-08
2.16028e-07;-6.03884e-07;-1.54893e-07;1.34921e-07;-7.1448e-07;-1.42072e-07;1.52293e-07;-9.25293e-07;-4.14507e-07
4.76599e-07;-1.22706e-06;-5.03242e-08;4.50342e-07;-1.28307e-06;7.09769e-08;4.38446e-07;-1.25975e-06;-3.15596e-09
1.91594e-07;-9.0911e-07;-1.56107e-07;2.71146e-07;-1.11222e-06;-3.6193e-08;3.04188e-07;-9.69557e-07;-2.093e-07
2.48992e-07;-8.81324e-07;-1.90577e-07;3.12506e-07;-1.16416e-06;4.37053e-08;3.38223e-07;-1.05309e-06;-2.63857e-07
3.43226e-07;-5.93445e-07;-6.71131e-08;2.79495e-07;-3.56095e-07;-1.41348e-07;-1.8498e-09;-4.64062e-07;-1.01723e-07
1.2591e-07;-4.78613e-07;1.49372e-07;9.65979e-08;-4.68214e-07;-9.37512e-08;8.13408e-08;-3.94056e-07;1.10354e-07
-8.51532e-09;-5.91537e-07;-9.77692e-08;2.73715e-07;-5.93249e-07;-2.84569e-07;-1.16282e-07;-3.57999e-07;-2.07211e-07
1.95015e-07;-7.09328e-07;-3.31206e-07;1.2346e-07;-5.36642e-07;-4.89939e-08;1.40512e-07;-6.73102e-07;-9.34412e-08
2.39311e-08;-1.30749e-07;-1.60197e-09;2.26098e-08;-8.28019e-08;-1.28883e-07;1.26041e-08;-6.88047e-08;-6.56963e-08
2.48992e-07;-1.02177e-06;-2.21657e-07;3.38223e-07;-9.78747e-07;-2.46999e-07;2.72045e-07;-6.762e-07;-3.50906e-09
6.67089e-08;-3.81826e-07;-3.21224e-07;8.8066e-08;-2.66005e-07;6.96714e-08;2.60914e-07;-5.10865e-07;-1.87621e-07
6.2907e-08;-6.92097e-07;-2.28545e-07;3.07029e-07;-9.13766e-07;-2.13211e-07;3.23775e-07;-7.66267e-07;-3.33759e-07
4.47741e-07;-1.28158e-06;4.6201e-08;3.17098e-07;-1.22358e-06;-9.90407e-08;4.57964e-07;-1.20316e-06;2.83315e-09
3.72343e-07;-1.139e-06;-2.01057e-07;4.32089e-07;-1.13876e-06;-9.33889e-08;3.83326e-07;-1.18259e-06;-7.27981e-08
6.06526e-07;-1.94762e-06;2.77755e-06;9.72696e-07;-2.27236e-06;3.36264e-06;6.51544e-07;-1.10626e-06;1.89243e-06
-1.72452e-07;-1.91467e-06;7.96814e-07;9.18471e-07;-2.49637e-06;1.46123e-06;1.74365e-06;-3.65707e-06;3.08923e-07
7.1157e-07;-4.09434e-06;1.6326e-06;3.43109e-07;-1.50041e-06;2.44673e-06;2.54691e-07;-2.75561e-06;2.10118e-06
1.03302e-07;8.55483e-09;1.05549e-06;7.79348e-07;-2.16123e-06;2.73676e-06;7.52712e-07;-1.19924e-06;1.90062e-06
1.32088e-06;-4.22689e-06;6.24793e-07;2.53748e-06;-6.09419e-06;2.10045e-06;2.11616e-06;-6.55775e-06;1.27663e-07
1.55354e-06;-3.48737e-06;1.39312e-06;1.39729e-06;-4.4436e-06;-1.87763e-08;1.20471e-06;-3.17664e-06;2.32205e-07
1.38111e-06;-4.47078e-06;-6.62992e-08;1.57759e-06;-3.44918e-06;1.46093e-06;8.91802e-07;-3.7137e-06;2.09043e-06
7.14322e-07;-4.06924e-06;8.22183e-07;4.06091e-07;-2.05004e-06;6.56519e-07;8.25612e-07;-2.91796e-06;-1.15789e-06
1.55354e-06;-3.42454e-06;1.536e-06;1.20471e-06;-3.47081e-06;8.56915e-07;1.68616e-06;-3.54635e-06;1.1606e-06
1.60757e-06;-3.66156e-06;9.66797e-07;1.66185e-06;-3.92111e-06;8.63762e-07;7.50052e-07;-2.30193e-06;-8.89295e-08
8.73072e-07;-4.9721e-06;-6.65141e-07;2.65852e-06;-6.21045e-06;9.95678e-07;2.28114e-06;-5.88366e-06;-4.65536e-07
1.61542e-07;-1.82088e-06;2.50991e-06;9.45623e-09;-1.94053e-06;1.46796e-06;5.24115e-07;-3.05256e-06;7.67587e-07
1.39139e-06;-4.27589e-06;2.90615e-07;2.5656e-07;-2.82551e-06;2.13052e-06;2.32372e-06;-5.91767e-06;3.31003e-06
8.20834e-07;-1.87756e-06;2.5473e-06;-3.05836e-07;-6.48649e-07;2.47896e-06;7.31901e-07;-2.91549e-06;2.4185e-06
1.34504e-06;-4.74633e-06;3.05418e-06;3.35042e-06;-9.45758e-06;8.23086e-07;2.2639e-06;-7.72873e-06;-1.48259e-06
2.27381e-06;-5.64053e-06;3.38323e-06;4.5761e-08;-2.26756e-06;3.43161e-06;1.12443e-06;-5.63905e-06;3.76018e-06
2.58456e-06;-6.14886e-06;2.00942e-06;2.47775e-06;-8.16906e-06;9.95764e-07;1.9949e-06;-6.22791e-06;2.83781e-07
-1.1446e-06;6.11354e-07;3.88978e-06;-3.38901e-08;-3.51575e-06;6.60627e-06;-1.25851e-06;2.1243e-06;2.73086e-06
4.3395e-08;-2.88993e-06;3.6482e-06;2.27473e-06;-5.87408e-06;3.30464e-06;6.75586e-07;-3.30212e-06;2.07294e-06
-1.25038e-06;1.33539e-06;3.02633e-06;-1.92279e-06;1.87323e-06;2.67892e-06;-5.55452e-08;-1.15195e-06;5.56482e-06
-9.60773e-07;2.40973e-06;1.89334e-06;-1.64346e-06;3.21081e-06;9.97529e-07;-1.67179e-06;1.77943e-06;2.07269e-06
-4.90119e-06;-1.27867e-05;2.89809e-05;1.15282e-05;-2.72988e-05;3.94611e-06;7.18707e-06;-1.68514e-05;-3.87203e-06
3.68114e-06;-9.80107e-06;8.10315e-07;1.54673e-06;-4.88897e-06;3.11323e-06;1.03013e-06;-5.10757e-06;8.12074e-06
7.66347e-07;-2.11504e-06;3.14556e-06;1.06125e-07;-1.37095e-07;9.71025e-07;-5.84917e-07;-4.63794e-07;2.14587e-06
-1.99349e-07;3.45908e-07;8.53249e-07;-4.13722e-07;1.23872e-06;3.03289e-07;-6.25404e-07;1.42735e-06;-8.89879e-07
-5.55452e-08;-7.936e-07;4.54517e-06;-2.82856e-07;-5.85646e-07;2.64327e-06;-1.25038e-06;1.15619e-06;2.65498e-06
-8.3474e-07;1.22813e-06;1.34577e-06;1.6256e-07;-1.70308e-07;1.21487e-06;-1.27175e-06;1.79553e-06;-8.39169e-07
-1.00137e-06;1.3679e-06;3.56593e-06;-5.67046e-08;4.28405e-07;1.29993e-06;-1.63153e-06;3.20457e-06;-1.2844e-06
-9.47083e-07;2.23816e-06;5.66725e-07;-2.16739e-06;4.49163e-06;-6.54485e-07;-3.12262e-07;3.28052e-06;1.70921e-06
-1.82023e-06;1.567e-06;3.65018e-06;1.73446e-07;2.3368e-06;2.95463e-06;-1.88392e-06;1.5684e-06;1.64953e-06
2.01836e-06;-2.14491e-06;-5.3255e-07;-2.85015e-06;3.97541e-06;-4.31768e-06;-1.21812e-06;1.91627e-05;2.47324e-05
-1.00137e-06;1.61167e-06;3.20314e-06;-1.63153e-06;2.96536e-06;3.05567e-07;-6.65201e-07;2.81186e-06;2.15511e-06
-1.86302e-06;5.56872e-06;5.13517e-07;-8.54334e-07;2.6345e-06;4.53504e-07;-2.52295e-06;4.44709e-06;-9.86451e-07
-1.29795e-06;2.56707e-06;1.27756e-06;-8.68831e-07;2.089e-06;1.91914e-07;-1.80976e-06;5.79984e-06;-2.05978e-06
-8.97845e-08;-1.4658e-07;8.33067e-07;-1.1986e-06;1.20662e-06;1.72734e-06;3.76033e-07;-3.77263e-07;2.88637e-06
-9.92741e-07;2.57031e-06;-1.17443e-06;-6.7993e-07;8.18037e-07;1.44336e-06;-6.46298e-07;1.61859e-06;3.05182e-07
5.95503e-07;-1.37659e-06;2.99e-07;5.51495e-07;-1.47702e-06;-3.91957e-08;2.61296e-07;-1.13305e-06;-1.06458e-07
5.25577e-07;-1.57565e-06;5.46186e-08;5.0094e-07;-1.476e-06;-4.69004e-08;5.19557e-07;-1.50942e-06;-9.54596e-09
4.95465e-08;-3.41801e-07;4.29235e-08;1.16028e-07;-3.68066e-07;2.46728e-07;1.58147e-07;-4.46438e-07;1.68224e-07
2.38089e-07;-6.54793e-07;1.13532e-07;2.22153e-07;-9.222e-07;-1.72677e-07;1.77094e-07;-5.95286e-07;-2.28908e-07
1.79458e-08;-5.39813e-08;5.56012e-08;1.15977e-08;-6.46653e-08;5.97042e-08;1.78273e-08;-2.2081e-08;-8.71835e-08
1.03496e-08;-5.85038e-08;-4.88364e-08;4.5526e-08;-1.28678e-07;6.7846e-08;1.30571e-08;-9.54431e-08;-1.29052e-07
-2.80775e-10;-1.13415e-06;2.33452e-06;7.73517e-07;-2.50686e-06;1.72451e-06;6.50806e-08;-1.93267e-06;1.22882e-06
7.21007e-07;-1.99894e-06;2.37493e-06;1.56874e-06;-3.43801e-06;1.75312e-06;9.15464e-07;-2.5329e-06;1.84623e-06
3.53993e-08;-1.58105e-06;1.33828e-06;1.78716e-06;-3.60787e-06;4.01624e-07;-1.08495e-07;-2.51671e-06;-5.04349e-07
-5.58548e-07;-2.26764e-07;2.91767e-06;3.30283e-07;-2.89359e-06;3.72635e-06;7.58919e-07;-3.32048e-06;2.52003e-06
-6.54763e-07;-1.05253e-06;3.58152e-06;1.3372e-06;-4.70093e-06;4.83047e-06;3.39729e-07;-2.11479e-06;3.89909e-06
6.79257e-07;-3.01398e-06;5.54753e-06;2.4721e-06;-4.62426e-06;6.02915e-06;1.30969e-06;-5.18954e-06;4.22372e-06
-9.81315e-07;3.09435e-07;3.94133e-06;-1.20075e-07;-1.33818e-06;4.25885e-06;1.16433e-06;-5.28631e-06;7.4855e-06
7.9336e-06;-2.71359e-06;-3.7996e-06;3.90423e-06;4.20274e-07;-4.51574e-06;4.3082e-06;-1.82671e-06;5.15287e-07
6.775e-06;-2.49394e-06;-2.05993e-06;2.58557e-06;-8.03855e-07;-1.88334e-06;1.57124e-06;2.15473e-06;2.28874e-06
1.01202e-07;-3.89436e-07;-3.00595e-09;1.00279e-07;-5.88768e-07;-9.43853e-08;1.40622e-07;-4.47847e-07;-1.35471e-07
5.70641e-07;-1.14321e-06;2.25668e-07;2.17348e-07;-1.11519e-06;-1.97436e-07;4.0643e-07;-8.91612e-07;5.26716e-07
9.27824e-08;-8.87359e-08;2.28673e-07;1.25051e-07;-1.59964e-07;1.09322e-07;7.59982e-08;-5.11397e-07;-1.80771e-07
5.77671e-08;-2.88009e-07;-8.47352e-08;6.96193e-08;-3.46848e-07;7.99916e-09;2.2798e-08;-4.02232e-07;-2.07681e-07
1.54385e-07;-2.31831e-07;1.82764e-07;3.80404e-08;-1.67878e-07;-1.33641e-08;2.25356e-08;-1.28955e-07;1.75125e-07
2.09186e-07;-8.17781e-07;-6.03843e-08;1.80369e-07;-6.24787e-07;2.11821e-07;2.5886e-07;-7.24747e-07;2.7082e-07
1.66568e-07;-5.44216e-07;3.04677e-07;2.4417e-07;-7.27743e-07;8.25896e-08;1.3689e-07;-5.81442e-07;-1.8882e-10
5.32595e-07;-1.41405e-06;1.54036e-07;4.11632e-07;-1.38805e-06;-9.6558e-08;3.98907e-07;-1.36848e-06;1.17968e-07
2.09186e-07;-9.10118e-07;-7.89124e-08;2.5886e-07;-8.70573e-07;3.23948e-07;3.17572e-07;-8.54202e-07;2.14746e-07
2.62399e-07;-1.11161e-06;-9.78367e-08;3.1166e-07;-1.00275e-06;2.44567e-07;4.52365e-07;-1.15049e-06;3.14965e-07
3.46592e-08;-3.45581e-07;-5.5217e-08;1.07944e-08;-2.00456e-07;7.63318e-08;1.08903e-07;-2.4545e-07;2.18746e-07
4.75248e-07;-1.48334e-06;-9.33014e-08;4.19001e-07;-1.43055e-06;-9.30059e-08;5.64477e-07;-1.44892e-06;1.00808e-07
9.55092e-08;-2.16277e-07;2.83645e-07;2.91199e-08;-3.31488e-07;-1.67899e-07;-2.84495e-08;-1.61963e-07;1.87282e-08
6.08786e-08;-2.44653e-07;-1.84295e-07;2.38671e-08;-1.77764e-07;-8.29457e-08;6.90904e-08;-2.97897e-07;2.31363e-08
4.801e-08;-8.31317e-08;1.74019e-07;1.03495e-07;-1.5033e-07;8.76351e-08;-5.74069e-09;-1.5567e-07;-1.41672e-07
2.21045e-08;-1.16314e-07;3.74985e-09;2.07748e-08;-7.56116e-08;6.75128e-08;3.23384e-08;-9.64621e-08;1.38e-07
4.92443e-10;-1.61797e-07;-9.87575e-08;1.19255e-08;-6.86027e-08;2.7626e-08;4.07444e-08;-9.17506e-08;1.21753e-07
2.80302e-08;-9.25231e-08;-4.35718e-08;-9.95909e-09;-5.49204e-10;-1.10439e-07;2.95734e-08;-5.53571e-08;4.33898e-08
7.54397e-08;-3.04642e-07;-7.77352e-09;7.9197e-08;-2.33893e-07;-2.24985e-07;3.8816e-08;-1.6751e-07;-1.03275e-07
3.47619e-08;-7.18718e-08;1.60114e-08;2.14144e-08;-7.45657e-08;-7.87693e-08;1.21001e-08;1.6868e-09;8.40599e-08
1.15444e-07;-4.06188e-07;7.16253e-08;1.63312e-07;-5.19479e-07;2.56066e-07;1.38457e-07;-5.10315e-07;2.85851e-08
-9.36391e-08;-3.19451e-07;-2.68855e-07;-1.04807e-07;-1.6535e-07;-7.41841e-08;2.01992e-07;-2.35955e-07;2.20666e-07
4.77126e-07;-1.93179e-06;2.28224e-06;1.39818e-06;-3.9921e-06;2.81132e-06;1.14766e-06;-2.25002e-06;2.65224e-06
8.56919e-07;-4.19031e-06;9.91295e-07;1.39665e-06;-5.19677e-06;1.26181e-07;9.43829e-07;-3.27189e-06;2.92133e-06
8.80861e-07;-5.9651e-06;8.46601e-06;3.14656e-07;-6.95948e-06;1.12867e-05;-2.3912e-06;1.46993e-06;3.12253e-06
3.19493e-06;-9.12215e-06;-5.41745e-07;1.90099e-06;-9.05532e-06;8.49e-06;6.01937e-06;-1.51949e-05;1.36222e-06
2.41953e-06;-7.08199e-06;1.073e-05;-2.77476e-06;-5.12665e-06;1.38121e-05;7.47611e-06;-2.11967e-05;3.91506e-06
-1.22295e-06;3.59788e-06;1.38114e-07;6.26784e-07;1.43987e-06;2.61651e-07;-9.26318e-07;9.68956e-08;2.87648e-06
-9.62846e-07;-4.11324e-06;8.47416e-06;-2.21153e-06;7.82956e-07;2.61523e-06;2.74481e-06;1.98021e-06;-6.0862e-06
-8.98e-06;2.09456e-05;2.48557e-05;3.60097e-05;-8.65711e-05;2.17045e-05;5.13839e-06;-3.41461e-05;2.22087e-05
3.62106e-06;-3.21233e-07;-2.58323e-07;1.10996e-05;-5.18115e-06;-8.04247e-06;-2.42393e-06;3.42175e-06;-7.17026e-07
1.3372e-06;-5.64047e-06;4.49003e-06;-6.54763e-07;-5.02961e-07;3.95044e-06;5.83647e-07;-3.02996e-06;5.69894e-06
-9.66537e-07;1.78643e-06;2.49238e-06;4.09709e-07;-2.90902e-06;5.52552e-06;-1.10308e-08;-7.99341e-07;4.6951e-06
1.00404e-06;-3.16707e-06;5.33892e-06;-1.69434e-06;2.26806e-07;5.03841e-06;1.50871e-06;-4.31467e-06;6.3171e-06
-1.21799e-06;3.71434e-06;-2.18701e-08;-9.66653e-07;6.74638e-07;4.13101e-06;-1.33124e-06;1.58333e-06;2.11717e-06
-1.52732e-06;2.04217e-06;-1.09288e-06;1.77551e-05;-7.28381e-07;2.52428e-05;3.91384e-06;-2.63771e-06;-6.34173e-06
-8.93609e-07;3.59875e-06;4.06752e-07;-1.92447e-06;5.58097e-06;1.72483e-07;-1.38229e-06;5.41215e-06;-2.72243e-07
-2.1015e-06;1.78975e-07;-7.01351e-06;1.03048e-05;-2.39584e-06;-1.35541e-06;1.52912e-05;-5.50255e-06;-3.05849e-06
1.00311e-07;-3.84419e-07;-1.61281e-07;1.68156e-07;-5.0353e-07;1.11385e-07;1.26017e-07;-5.87917e-07;-1.22056e-07
-7.64213e-07;6.98713e-08;3.91887e-06;3.67653e-07;7.14685e-08;-9.44325e-07;-4.8312e-07;-5.79233e-07;4.65475e-06
3.43445e-07;-1.17168e-06;-1.45718e-07;2.59012e-07;-1.12166e-06;-4.04605e-08;3.91381e-07;-1.14176e-06;1.97422e-07
2.22153e-07;-9.56043e-07;-9.08653e-08;2.38089e-07;-9.17785e-07;1.50529e-07;2.4656e-07;-8.38487e-07;2.9073e-08
2.09429e-07;-1.54335e-06;-5.35677e-07;-8.07405e-09;-1.39721e-06;-3.93391e-07;6.29625e-07;-1.05065e-06;5.89176e-07
9.63529e-08;-2.77804e-07;-2.44031e-08;1.38519e-08;-1.3405e-07;-1.36468e-07;5.60806e-08;-1.35655e-07;1.05248e-07
2.12442e-08;-1.10633e-07;-1.60849e-07;2.35308e-08;-1.56717e-07;-1.17633e-08;5.29219e-08;-2.18534e-07;-9.81852e-08
-1.43499e-06;-9.52635e-09;3.39047e-06;9.85264e-07;1.4927e-06;-6.97711e-08;2.58643e-06;-1.74125e-07;-1.71091e-06
-2.67541e-06;6.23973e-06;-2.85225e-07;2.11643e-06;1.77859e-06;1.84864e-06;-1.2814e-06;3.72604e-06;5.54916e-07
