286.066;190.631;-165.336;-164.916;-130.658;47.2731;-59.2154;-67.1864;78.9185
3.49689;-378.644;-39.8928;9.28443;-339.096;10.6883;-25.0898;-347.233;94.218
-3.78;-451.361;212.684;35.1463;127.008;88.7577;28.2779;-80.772;64.9632
16.9609;-362.503;14.7751;-84.5232;-384.413;-215.764;-154.832;-233.225;9.84478
53.672;-290.532;9.81028;42.8302;-239.565;11.5683;-80.8841;-263.867;0.558443
-24.5066;-415.788;238.851;169.77;20.8985;183.301;59.3633;137.588;67.8272
-583.953;-443.722;379.871;831.806;1318.14;-917.608;498.205;451.846;-65.4053
278.983;244.795;157.669;282.942;-35.786;-294.579;112.86;-28.9296;-83.4858
34.9497;-272.003;20.3619;54.1867;-288.973;-26.8397;-87.1977;-282.999;16.5212
307.326;757.052;-287.267;17.9436;1087.72;-6.29405;-109.398;866.474;114.252
18.7942;5.84127;-58.6894;156.908;7.38538;-13.4346;332.988;-1.93775;-5.2553
134.869;39.3341;156.236;-18.9486;-313.862;234.527;-8.73064;-136.696;194.507
21.3948;-566.723;179.378;12.8525;-968.344;16.8595;36.9867;-327.848;236.501
-128.501;10.0479;-20.9751;-157.596;-0.71013;-5.59241;-111.591;-1.50549;-0.302016
81.7467;21.5445;77.2246;252.225;452.862;-101.645;101.568;17.6278;127.81
16.4775;-267.784;30.8219;7.65679;-234.28;16.9776;34.3691;-164.746;-2.28278
17.8926;-373.732;120.539;-57.062;-287.86;227.787;61.2232;-403.78;144.943
13.8396;-345.65;-22.0812;31.7816;-327.839;-18.6849;32.2818;-322.923;-19.5587
10.6993;-275.926;-56.0139;7.25387;-259.704;-52.3762;-27.689;-325.97;-20.0625
-60.5789;-309.557;113.694;14.0564;-267.019;10.3431;44.1673;-248.726;42.5968
83.9211;-397.999;180.609;1.47375;-64.8398;50.2725;-93.2359;-554.718;198.114
1.94359;-242.163;-12.2809;8.02197;-233.196;-9.93864;14.7778;-206.953;-2.48133
13.8781;-56.5735;1.1664;6.16221;-74.2789;14.0738;-10.8723;-84.9088;7.75515
53.0988;-428.399;162.166;-9.21644;-142.873;187.904;-18.0502;-324.713;222.492
-2.00038;-216.369;-2.19383;33.9001;-200.201;7.09315;4.34939;-235.572;-19.1058
-54.3189;-288.775;238.118;67.3431;216.39;110.139;163.7;27.8123;149.36
641.339;528.425;165.043;41.2145;564.05;57.9321;-145.143;1184.41;176.507
-121.257;-2.643;-3.02295;-97.965;-2.59277;-27.4278;-133.967;8.66675;-22.6999
3.00482;-152.403;6.97758;-1.94993;-121.264;2.72438;-5.28965;-135.053;21.0333
-83.335;-112.313;72.4422;-156.338;-648.029;249.878;-26.7404;-67.9285;86.9114
-117.194;-200.402;87.9519;-173.104;-124.82;193.631;-28.9461;-314.527;150.227
-4.25294;-15.7628;1.44333;19.5376;-2.09143;-7.9212;10.0824;-11.9125;7.86056
83.1892;-237.996;-49.8755;43.7008;-412.817;0.204756;-16.7121;-458.263;-8.97057
79.0474;597.531;40.0442;-34.4511;1005.05;-39.3875;10.2835;1253.04;121.817
31.0664;-48.6873;4.03244;62.9672;28.6071;-41.8289;218.628;-0.025656;-33.5782
-173.024;136.567;119.777;-134.183;-450.475;196.014;-133.738;-1909.49;298.625
-85.7993;-4.07543;20.5877;-84.7868;0.380768;14.2464;-111.382;-5.15661;0.854118
267.661;-13.3279;-198.768;215.795;30.489;-126.925;-40.8218;-8.28997;-60.6375
13.3578;-227.359;85.8164;-39.1157;-436.738;135.614;-169.853;-330.307;26.0257
-1682.28;6.56989;-67.7492;2796.31;1348.42;-1190.99;1006.83;-2164.6;1694.85
148.434;66.9718;-250.447;230.643;2994.3;-646.837;14.1501;1167.83;8.47317
69.1329;613.182;25.2852;99.5517;486.557;-124.098;-9.51066;1120.41;-40.9499
111.417;109.909;103.662;155.256;531.086;7.37125;75.9894;-127.521;65.2057
-63.083;9.88844;-10.5561;-68.2447;2.48275;-1.60799;-51.9476;4.09646;-2.97195
-38.1041;-413.492;90.4993;-24.0867;-574.609;33.0169;64.521;-375.076;74.9898
830.667;1103.96;1438.01;-1085.46;-530.901;-564.371;912.333;384.33;-208.093
11.8691;-172.868;73.6664;31.2502;-102.718;84.8529;-11.0023;-77.5573;48.9893
-18.1229;-434.085;141.57;-14.5223;-182.199;90.1687;-39.2511;-239.66;217.776
-64.1532;-145.075;36.9914;-55.3566;-146.314;73.371;-29.9044;-126.826;61.0019
2.0882;-196.587;46.7457;48.7468;-246.778;50.9523;44.5244;-248.978;35.3361
-44.1026;-283.774;55.9275;-127.892;-360.38;19.4209;-111.437;-194.677;32.8464
104.993;-165.977;-29.4018;46.4294;-169.286;-1.91467;97.7877;-109.354;-17.75
14.3765;-432.511;99.0678;47.5953;-399.407;-42.3348;-57.9499;-261.334;123.63
-18.626;-330.111;198.322;-21.701;-595.081;185.651;27.9864;-747.445;19.4703
-3.46368;-302.68;56.2785;73.0815;-304.727;34.6486;11.4542;-322.591;8.03868
-35.0291;-10.351;22.4633;-82.3041;-15.7961;-4.29807;-104.482;-4.43568;1.42393
19.1661;1383.91;352.011;-267.945;-869.064;-254.054;-289.777;-2080.6;-1091.66
-60.1633;10.245;-3.49256;-54.8374;10.8155;-9.92658;-68.578;9.17168;-12.1207
152.491;512.054;-100.591;104.482;622.959;22.0425;121.974;98.209;99.9618
-0.888492;-131.616;4.46416;2.2346;-133.754;4.40274;46.263;-146.476;0.934367
-3.8705;-120.247;3.89614;4.92009;-123.287;1.93544;3.3923;-107.046;-1.99078
91.3701;-6.69352;200.23;252.512;454.807;-89.817;15.2804;121.888;79.0521
-47.9379;-14.2824;17.1635;-45.0545;-22.6594;16.8379;-94.9225;-13.5506;1.53592
-181.491;-633.057;-172.833;-338.993;191.641;-38.5103;-110.897;-123.136;-10.4328
-8.22846;-74.2292;2.18744;7.90742;-66.4243;10.842;-10.2585;-79.1981;-4.93771
49.1968;-857.076;3.91501;-32.5267;-439.729;162.203;23.7152;-370.224;261.738
-1.46046;-2.05624;2.4774;-0.60952;-4.42651;1.42426;0.353684;-2.95473;-1.07676
4.25313;-54.5114;-2.57595;3.37582;-38.166;2.8289;-8.97121;-69.6375;-3.31494
-321.4;-262.076;189.497;146.176;-1209.81;159.565;-52.3448;-577.853;192.387
-414.403;-73.9865;-142.732;115.11;14.6378;-90.9704;474.597;57.2197;-182.518
5.19722;-814.902;14.3829;5.94881;-698.032;29.6899;-73.3458;-410.259;168.179
6.2073;-122.006;5.15379;-0.0847054;-112.72;6.71127;2.28245;-131.942;7.08444
95.1664;-113.896;-32.1168;96.0735;-183.931;-36.1708;96.2034;-77.2931;-10.0734
728.846;-22.3297;-303.862;-418.353;45.2214;249.293;-350.086;-121.153;10.2641
-40.8405;-578.678;204.869;53.3875;-1192.36;56.306;-21.9348;-1003.52;34.9678
-78.8965;4.24555;16.7036;-76.0899;0.585277;-0.548003;-115.6;-2.61296;0.432266
-90.1572;-461.203;172.343;41.4008;-590.602;28.7154;-37.0795;-362.718;103.204
330.258;381.394;11.4333;41.9825;-193.579;13.6806;204.416;624.326;84.8033
9.18494;-374.828;111.807;-85.8108;-706.26;-32.4585;-22.7807;-401.112;17.6768
211.743;-898.375;333.024;-9.58707;1676.99;55.3688;117.166;3709.64;743.953
22.8382;12.2901;10.7868;238.087;206.577;66.8789;147.598;126.314;-129.374
-65.4792;-22.0905;129.552;-345.482;-189.523;-1.7445;15.2031;136.787;144.973
-70.4807;-200.409;104.617;-44.4053;-254.912;10.9167;-158.85;-210.108;36.2788
49.4502;-2082.96;148.315;198.329;-1259.44;-97.0506;-655.175;-1175.96;634.414
-452.403;-138.144;21.1452;539.139;64.9286;-155.117;934.63;52.5469;-274.98
2744.55;1293.83;-1140.94;1016.13;-2323.66;1680.08;-1595.84;210.573;-61.5916
-179.47;1425.43;601.159;635.623;-6064.62;641.971;-644.962;-2803.4;639.287
-24.8914;-244.048;-41.1218;90.9554;-286.825;-8.09861;34.8217;-302.326;-7.65642
21.9733;-253.555;53.1551;140.628;-269.542;20.4772;12.4462;-322.1;59.898
60.4081;-345.587;-19.5834;-107.471;-225.707;-0.882422;-103.871;-225.768;78.4784
-121.428;-537.82;-147.543;-22.3926;-295.89;-8.82068;36.0636;-325.346;11.7636
-18.7457;-208.282;-27.618;-99.9458;-375.945;31.7003;-24.7263;-423.422;-30.7251
-78.3641;-257.334;88.2933;94.5697;-283.664;97.1315;-23.373;-276.663;10.7357
-0.160956;-133.184;-22.7768;-67.7842;-357.636;17.6608;-27.8663;-199.51;-47.3186
31.8822;-273.466;21.1739;38.174;-319.292;22.1596;49.7883;-301.259;-16.9524
4.43402;-272.094;12.6527;-78.1196;-310.897;11.7807;21.3191;-224.088;46.5053
-34.8931;-318.387;21.1239;-32.3822;-365.278;-1.54192;-21.4347;-244.912;31.9656
19.5838;-377.155;5.57335;7.79928;-351.523;-34.3295;-82.3771;-281.055;69.9665
20.6397;-235.58;0.471476;-28.1509;-275.707;-1.70324;-65.8388;-311.343;33.1505
-80.0409;-234.855;-5.22161;42.4206;-289.886;2.66042;-29.4286;-237.216;-30.3432
-81.7038;-227.587;1.52839;-87.433;-279.041;-13.2475;-49.619;-258.005;-11.1113
-34.1629;-272.345;8.60996;9.2528;-230.676;-42.0402;-55.1221;-249.444;-25.6419
-3.66754;-317.435;-19.7574;-28.529;-321.297;-18.6434;-21.7436;-244.001;32.4183
2.76295;-273.882;9.28217;-8.75442;-230.526;14.8313;18.5626;-308.471;-16.9283
-67.5187;-240.726;-3.54622;-48.432;-235.83;-34.7809;-58.5085;-262.804;5.93519
13.0455;-326.944;42.385;57.3909;-184.414;-19.1358;75.5339;-282.432;1.54872
17.4064;-289.32;-0.633314;-61.079;-224.504;-11.2847;-58.7882;-265.13;-5.55467
-46.8102;-256.955;2.51084;-12.4918;-235.558;-26.9901;-120.006;-343.434;-15.2649
-37.6997;-265.182;5.92206;-59.1518;-247.606;1.79376;-65.4506;-215.161;8.7521
-7.50576;-204.612;-26.8096;18.2513;-299.143;-11.0284;-70.2537;-354.531;-59.4587
-30.0827;-252.671;-8.09007;-67.5646;-211.45;3.07689;-79.1057;-276.413;24.1898
-161.144;-316.044;-148.359;-48.9288;-248.575;-16.4167;19.3364;-312.058;2.27517
-30.2329;-289.821;16.9035;-73.4146;-428.176;24.6109;25.895;-318.105;7.25026
21.0167;-205.208;-5.42791;36.291;-210.875;-22.606;29.6835;-227.766;26.0345
14.9106;-254.93;-0.861333;-11.8525;-261.664;13.0209;7.85715;-319.565;-6.41772
10.915;-263.182;54.4876;-37.9305;-285.128;81.4923;-10.4661;-279.747;102.837
29.0475;-274.208;10.9653;-14.2586;-261.62;7.17315;-37.4038;-291.166;14.6457
1.57607;-310.156;5.60854;-40.4143;-287.999;20.7679;12.6003;-372.108;19.1602
10.3349;43.6375;154.087;8.06545;-99.732;238.421;-186.706;-184.906;198.261
23.0173;-209.441;118.891;-196.173;-66.3646;202.526;16.4648;-246.436;231.589
-152.317;-40.4521;125.147;-153.777;-278.857;149.239;-176.688;-115.987;37.3376
-110.515;-395.289;50.535;-54.0752;-169.972;111.515;-14.8836;-351.47;144.464
-70.3;-230.775;66.6194;-75.2909;-275.527;100.234;29.2606;-249.686;58.3819
-12.6982;-311.096;97.3541;-7.3085;-413.701;22.8909;73.511;-166.836;-64.338
61.3358;-325.456;13.0349;61.7028;-296.01;44.8622;16.5785;-316.238;45.2715
6.10547;-190.215;36.637;-2.52926;-280.704;84.5275;-38.6114;-263.576;-12.1194
63.2022;-303.463;0.852534;60.3627;-275.292;-0.742282;24.9887;-56.9996;5.25283
34.2512;-293.215;-20.3075;-56.857;-417.633;-20.081;44.1478;-258.959;-35.3738
68.1298;-288.531;17.4153;-6.27513;-151.739;13.2121;30.7089;-218.993;6.63522
13.7022;-273.678;-11.4223;17.5185;-160.166;17.0825;32.1935;-212.127;-6.88611
-108.042;-314.271;78.7763;11.2759;-193.53;68.0678;13.0723;-226.665;69.7825
33.8558;-2.72881;-12.7566;-22.8787;-295.853;22.6898;36.604;-175.157;34.1459
79.1912;-262.378;113.464;8.44196;-381.369;10.6735;-73.9886;-276.599;54.2906
60.5462;-267.99;31.5391;35.6371;-283.911;-18.0796;-5.65273;-307.694;10.5693
11.7749;-356.22;-7.67481;67.049;-248.285;0.554819;41.0166;-282.719;-3.92703
-16.6392;-246.647;-37.7101;52.3944;-307.165;-3.05512;56.9631;-291.173;-9.26335
-8.82343;-251.317;28.6775;58.3618;-248.737;-21.4039;-49.5388;-225.336;-19.6833
45.6049;-225.024;-23.824;-6.71777;-174.274;-4.62209;36.3852;-138.349;10.6821
-25.9728;-224.763;-54.9176;68.7525;-234.885;-45.0611;73.8628;-203.823;-30.8211
-28.5879;-257.026;73.2865;-10.6879;-237.649;76.4159;23.0789;-177.725;32.554
57.3279;-220.55;-11.2969;5.64457;-272.21;38.4914;19.0973;-240.517;35.4298
-70.2868;-286.7;95.5194;2.62893;-252.237;68.1792;-11.2708;-282.639;7.21929
-16.723;-260.747;61.1615;27.6901;-246.408;-1.76015;-26.244;-278.981;4.3692
3.70607;-307.676;-29.368;-16.4228;-429;20.2921;-17.1727;-493.569;22.0643
-47.5906;-269.331;11.922;-68.2308;-248.729;-24.039;-57.7244;-292.042;-4.95654
9.00056;-262.04;56.6087;-44.021;-292.655;97.2849;11.6953;-262.947;50.2148
57.246;-239.453;-19.3465;-48.9478;-233.007;-32.7812;3.84428;-236.224;-8.97953
20.9378;-255.061;10.4164;-4.54463;-292.438;23.7893;11.4925;-280.265;22.6733
-6.32247;-321.715;-10.7166;-15.3491;-236.914;-9.83276;13.7017;-256.604;-1.58077
-61.1048;-235.973;31.8175;-9.4869;-223.632;68.2132;-12.5343;-262.74;20.4472
-17.233;-357.026;20.9075;-36.2757;-258.005;99.3606;-35.3435;-311.404;37.3386
-54.9682;-246.964;-3.553;-50.3283;-268.66;21.5279;20.3646;-237.592;21.0794
64.7435;-232.275;-14.2754;-13.6113;-258.16;10.3261;21.3258;-267.993;30.5331
19.7598;-255.212;49.2538;2.09306;-272.323;36.9256;-39.8949;-274.988;73.4956
-67.6049;-318.358;34.0792;-46.994;-275.533;88.3564;-22.3941;-287.476;9.89071
4.6372;-275.736;34.0438;-38.9742;-239.33;77.4143;-26.226;-256.91;86.0135
0.0354254;-247.761;82.8297;-34.4702;-266.357;90.8582;-30.7924;-232.762;72.583
-22.0007;-262.62;90.6053;-33.8057;-259.049;85.4818;-48.5017;-278.979;84.8856
9.13769;-184.858;36.8023;-7.35746;-236.181;75.6457;-2.5951;-119.9;-0.936116
0.57347;-224.442;70.5431;-7.54597;-272.29;36.1601;-1.05617;-123.326;-2.74637
-13.4383;-124.224;-1.78048;0.217934;-199.493;-46.6065;-29.295;32.5242;-55.6513
29.7264;-250.272;4.09085;-18.3063;-261.518;61.6393;23.1416;-196.984;28.1634
44.4437;-241.779;-48.6825;71.4725;-204.373;-52.1032;4.08868;-226.5;-64.3378
56.0716;-174.7;-3.63745;58.2838;-250.609;-43.9032;28.933;-221.906;-8.57594
37.7142;-262.171;-52.091;78.1147;-165.071;4.46963;74.8875;-194.024;-38.6962
-10.9084;-175.037;18.2591;48.3265;-45.3609;-8.0708;72.2789;-159.256;-5.10575
32.3813;-284.042;-41.0726;20.4452;-224.279;-7.25387;55.3992;-251.824;-44.9889
-13.5248;-179.686;20.125;-14.2523;-81.3765;-12.2193;34.8818;-21.0748;-11.4467
-14.4311;1.54599;-42.4068;-54.0308;-4.24966;-47.1997;-27.2836;11.5979;-68.4663
-17.2399;-11.1371;-63.717;-18.6174;24.0844;-60.0212;-43.8569;4.01281;-52.9903
-25.5811;-85.1151;-10.0598;-14.4617;12.9391;-38.4441;23.003;-24.9948;-12.0144
34.9814;-318.143;-13.209;-26.5393;-360.988;-4.33499;26.911;-339.197;9.54727
177.21;-96.5292;12.8724;74.8776;-194.304;-48.6732;59.2401;-171.647;-8.16861
10.8874;-201.283;-60.9256;-4.73088;-255.712;-26.076;16.355;-229.822;-58.7003
27.243;-320.153;-24.4162;35.3101;-259.983;-54.7672;9.11679;-256.318;-57.9517
10.6161;-201.836;-62.2784;-15.2344;-211.786;-3.1646;-2.58627;-258.205;-35.2474
94.8226;-198.326;-51.8802;23.7055;-195.582;-56.2612;-12.8275;-232.708;-66.7777
-49.5605;-4.91312;-52.1772;-47.3345;-7.42281;-55.1736;-29.602;-4.79456;-53.437
-23.4118;-4.84843;-45.7736;65.6423;7.15204;-47.2044;46.2318;-13.3161;-3.86646
-29.9517;19.3874;-63.1135;8.45425;-2.74462;-62.7489;82.9059;28.7135;-35.0469
5.20059;-2.0326;-72.0614;131.433;-5.78302;-5.82267;69.5789;16.9544;-60.9024
11.4278;-251.028;-27.7133;5.60211;-238.969;-16.1343;17.7381;-223.46;-15.0407
74.1533;-196.498;-56.4167;169.061;-121.221;-49.1898;10.2883;-194.219;-59.358
-11.0772;-268.851;-7.90377;-0.554168;-240.289;-27.9662;0.0290388;-238.593;-11.6967
8.55538;-190.743;-58.919;80.7424;-42.7698;-51.6754;-38.4377;-265.558;8.97054
-58.99;-279.064;-3.26355;-146.037;-270.266;-48.1106;19.3636;-261.056;2.34533
13.3035;-195.175;-17.0969;6.42788;-117.668;-6.09263;-3.93008;-269.907;34.7607
-24.7035;-0.530894;-47.158;-32.3598;3.8536;-61.2184;-42.5969;-0.2941;-48.6607
34.2861;-286.886;-0.401954;-85.1059;-290.753;-37.9238;28.6251;-197.735;-30.5837
34.0694;156.128;14.322;14.0354;-202.55;-76.0301;-233.581;-339.75;-196.835
-126.892;0.567498;-3.10531;-100.151;-18.1675;7.97912;-53.3931;-22.5931;-31.6334
72.5043;39.5319;-13.1372;-13.3337;27.7748;-39.3527;-2.63593;34.4354;-51.1697
25.4181;-168.311;-64.5389;-58.8846;37.61;-38.9434;-43.6194;-19.6551;-51.6643
12.5111;26.5168;19.1563;-21.0303;22.2707;-15.6946;-59.0342;-23.0519;-53.6823
-54.5014;-0.684768;-0.273588;78.1575;25.0437;-3.46434;46.0317;9.72742;-3.17948
-28.4664;-3.92708;-19.7117;-13.4496;6.0012;-54.0317;-46.0996;6.35669;-46.3105
-62.231;-20.2152;-29.7722;-97.6031;-2.47333;-27.0247;-125.075;-3.90319;-2.56662
-28.179;19.5926;-61.342;-14.884;45.3672;-35.312;-43.519;7.68722;-40.5655
-40.7754;10.7225;-41.1712;8.47003;25.8703;-16.8501;0.922887;-14.9855;-17.6514
-31.2874;-2.52652;-51.0028;-28.0759;6.86582;-51.716;-50.2551;1.19373;-49.8614
-63.1247;6.43326;-63.8989;31.1654;-1.30112;-15.6229;-11.6912;13.8415;-60.3319
-27.4364;16.6966;-62.3943;-43.3753;13.2425;-39.8897;-56.092;6.00938;-56.653
-64.7265;-26.4758;-33.8826;-46.6166;-6.28173;-61.2537;-97.7652;-4.04949;-23.6889
-60.0145;-4.61499;-58.5465;-48.3852;6.16108;-43.0781;-82.4959;-0.118702;-28.3401
-63.8406;-6.39195;-31.8398;2.305;-1.7617;-17.0544;-64.4384;-12.3212;-19.5475
-121.291;-22.8038;-10.8012;-56.8454;1.26208;-9.34298;-74.4622;-8.52155;-3.18393
-38.3458;9.47411;-41.7217;-70.6925;-1.0704;-36.6487;-111.964;-9.84304;-33.6464
-49.7539;-1.70098;15.7903;-73.658;-8.70503;1.35549;-34.6569;1.35099;-2.70673
-63.5109;5.38493;-33.2327;-127.852;-5.74141;-30.0075;-97.7443;3.29538;-26.7701
-42.0532;7.85044;-4.07917;-130.896;-29.0058;-19.3739;-109.035;13.0983;-19.3047
-129.325;-25.9957;-17.6856;-172.344;-7.77703;-1.66232;-109.599;10.2127;-18.3983
-4.3518;-350.103;-39.684;-33.3935;-340.793;20.5173;6.01033;-280.284;-3.55602
-12.2726;-351.796;18.1818;-9.96865;-316.154;36.5157;-28.528;-522.236;0.684869
-37.7798;-344.996;13.1059;-3.85811;-338.707;-10.304;-15.5452;-454.106;-2.34941
39.4053;-311.454;-31.6175;4.55405;-332.975;-34.2694;18.2645;-306.067;-43.3873
-4.45649;-356.289;-29.3692;13.5751;-269.343;-10.7747;3.36153;-407.206;6.48613
11.367;-266.326;-62.4653;37.5382;-244.487;-47.3564;16.7827;-220.601;-67.5632
25.4212;-284.577;-45.6351;3.76445;-335.336;-33.9201;-8.98111;-283.852;-8.23063
-32.6557;-324.765;3.24838;29.0842;-333.15;-18.4743;23.2802;-243.425;-65.0262
11.3155;-236.531;-12.0187;35.6827;-195.377;-3.2371;42.4993;-208.132;-7.22122
-48.2808;-25.1854;-62.9981;-26.1381;9.98258;-35.2673;-17.1327;-80.7246;-13.0682
38.0041;-1.76037;-54.0324;-14.7836;-1.88843;-49.5599;-27.8797;11.0276;-64.6973
10.5897;-168.827;25.7965;64.3201;-161.492;-8.4552;16.6337;-250.461;-1.47856
161.445;-18.8962;-2.71101;56.8836;-206.45;1.19108;49.7442;-42.5237;9.3476
-32.9612;-7.49056;-50.9909;-40.9973;-2.74634;-59.236;-24.2478;7.89835;-58.1563
120.058;6.68465;-1.87414;18.1604;19.4221;-61.6894;18.2011;-6.72665;-12.7524
3.07506;-197.961;-1.8242;1.82285;-207.695;4.33808;-1.92653;-225.982;-10.0592
-8.97012;-275.448;-17.374;11.2383;-248.927;-16.5083;18.5137;-246.239;-30.9592
-69.466;-298.393;25.9705;9.76504;-310.407;22.1133;-11.456;-260.178;-0.981835
-70.6338;-522.478;-113.16;2.881;-271.557;-4.93272;61.8267;-210.31;29.7599
35.2376;1.97794;-30.0293;0.572795;20.5543;-9.56147;-32.5504;-19.6584;8.44485
-43.0656;-2.56444;-53.979;0.939957;9.97704;-29.0628;-18.3068;7.70584;-49.0438
-12.2595;19.0296;-20.3123;-30.6958;14.0488;-44.2344;17.5712;48.8703;-36.7934
-14.2784;-11.9538;-19.3433;21.4627;9.21542;-34.9489;-15.1513;33.5609;-48.3372
55.3511;21.3777;-0.0598504;79.6289;8.39683;-6.11256;-13.0669;19.2247;-31.9937
-30.178;0.527808;-5.65828;-62.2671;-14.9446;-16.1059;0.551288;0.0671843;-19.5145
0.707712;36.8651;-24.0808;64.5653;26.9334;-5.23765;-10.8605;19.294;-21.4722
61.6116;-16.5486;0.62253;4.05991;24.2177;-14.4082;64.8489;27.027;7.80793
-130.579;-4.05909;-2.43543;-159.237;-3.1613;0.923821;-96.9276;-3.40404;11.1267
83.9657;16.379;4.30383;-11.5893;-7.0622;11.5015;29.1231;21.0367;25.4647
5.61281;17.7975;-15.6342;75.4752;-16.4938;4.12829;8.21173;0.723679;-21.6331
73.4916;-8.75222;-10.9953;22.2408;-0.137935;-11.0651;2.09147;-2.60749;-18.8313
32.0844;17.0324;-17.3088;61.8235;-7.47781;-7.14074;88.0866;5.13101;-9.79316
20.278;10.3259;-12.5386;-33.4522;-0.179672;-3.62951;0.640296;-4.72658;-19.6864
-98.0566;-4.0415;11.5822;-83.8362;-3.42761;18.8149;-122.933;-8.96867;-3.38566
-7.05613;7.34356;12.903;7.69812;2.95871;18.8836;-43.8615;-11.5023;32.2679
-34.6876;-1.35946;27.6419;-5.3453;-6.7336;22.5928;-28.0042;-4.39677;19.7764
-35.6503;1.9285;-1.46462;-9.87283;9.07965;10.3636;-53.2372;-5.03746;18.7848
-70.8994;-5.70649;-1.13583;-182.12;-4.94867;-1.13972;-103.224;-8.21383;-0.412369
-10.1305;4.67802;15.152;-36.9699;0.00101001;28.0212;-53.2274;-7.38295;21.3737
-99.2711;-7.48803;10.8127;-58.8752;-3.41737;19.8202;-84.8992;-6.52664;18.3945
-55.8004;-1.66855;18.6266;-34.2077;-0.254464;30.2727;-85.4154;-4.91452;18.0831
-56.8977;2.93022;26.0973;-25.4699;-3.59725;21.8836;-56.548;1.64638;17.4755
-36.2578;-2.9117;12.6508;-49.8475;3.50962;8.41529;-49.9084;2.47748;17.6591
-45.8249;-4.08813;28.5401;-55.8025;1.13041;24.0716;-88.3662;-5.88827;19.5288
-36.4777;-1.77501;11.0612;-39.2968;2.79663;0.145311;-50.1574;3.84041;7.86731
-47.1014;5.8498;27.2324;-85.6737;0.0555766;14.959;-85.9787;-3.01429;20.894
-38.3609;14.4593;26.0215;-77.7811;-7.25059;6.82869;-67.6953;18.8593;22.4623
-75.6364;-3.77751;9.66583;-85.4899;-0.274514;-1.16344;-74.1682;5.54101;16.2742
23.1713;4.71875;-10.6984;-47.0549;-0.509296;-70.0931;-72.3068;-18.861;-19.026
4.47349;-1.19434;-16.8176;-60.6987;-10.9685;-35.4485;-40.6013;5.74388;-40.1118
-136.776;-8.63228;-31.7654;-60.4504;6.15053;-25.107;-68.6697;-25.043;-19.0685
-32.2076;3.92725;-5.31321;-77.068;-8.77234;0.240104;-56.6314;-8.29096;-13.0105
-191.367;-1.95632;-1.32666;-97.5118;-2.34079;-4.32312;-201.332;-8.7181;-0.13095
32.8562;-235.285;-4.77712;24.8855;-284.95;-43.8193;-20.2696;-287.735;-6.62365
45.3716;-229.494;-46.12;29.163;-314.335;-35.4008;27.4347;-292.498;-37.8872
23.8224;-252.769;-33.8847;21.1695;-268.024;-42.8281;1.74294;-263.097;-50.5094
13.5183;-234.602;-60.1887;24.6582;-262.17;-48.7415;0.53426;-273.055;-57.767
15.1101;-258.874;-65.4519;2.58027;-242.757;-52.6688;9.25984;-248.188;-53.579
6.13214;-245.314;-31.7;17.1933;-252.337;-52.6258;2.28783;-241.22;-52.3552
9.62227;-253.161;-46.0222;5.70765;-247.671;-32.4711;30.5446;-248.035;-30.9991
-1.93874;-247.057;-26.6085;-4.27964;-261.175;1.41671;4.44456;-292.935;-1.60375
17.0832;-251.145;-46.669;1.54701;-259.399;-32.2974;11.7201;-252.885;-27.1087
7.1786;-217.9;-5.80587;1.85906;-225.065;-9.88038;-6.81537;-247.807;-17.6376
1.99687;-279.285;-18.2463;4.9767;-254.065;-24.9732;2.15891;-291.946;-1.64736
3.13717;-238.546;-14.8849;-1.07986;-253.582;-27.0657;0.919734;-254.718;-13.1347
0.473669;-245.724;-6.16856;-8.75969;-270.819;-9.83411;-7.02881;-281.123;-14.7422
14.1225;-204.481;-4.81903;10.6058;-178.48;-3.57891;-8.48859;-200.156;-3.46061
0.942061;-191.734;0.917072;-5.93029;-205.221;-8.50524;-1.6535;-195.529;-5.96771
-10.4904;-211.76;-3.44349;6.56796;-199.98;-8.65175;-19.0204;-187.388;-2.34502
4.08984;-221.355;-11.5964;0.622817;-214.706;-4.83036;3.1395;-222.158;-8.82461
-10.493;-153.418;-9.83185;-2.21769;-121.21;0.858485;-5.52077;-154.383;2.11157
-4.45171;-260.649;-6.30235;1.54009;-255.157;-14.3727;10.8957;-225.048;0.848385
-3.99052;-186.259;-4.62487;-5.24177;-180.045;2.31006;5.89011;-190.086;-4.86291
-11.0704;-226.649;-5.08775;-1.18302;-246.129;-12.7846;7.30451;-206.215;-10.1788
6.68481;-252.911;-28.7172;-7.38448;-282.176;-19.3486;13.9823;-255.562;-28.4201
-1.36838;-303.721;-9.1879;6.77017;-260.96;-15.9997;-3.39485;-300.221;-4.96883
80.0468;8.07853;4.90721;13.9818;4.87783;-5.09003;96.9106;3.95315;-3.16532
-32.2717;-1.14156;-1.38692;20.4374;7.96113;-8.38674;-9.08577;4.37778;9.37751
-14.6553;-9.80588;24.0696;-26.6095;1.30633;24.6988;30.1463;7.64444;16.4572
15.2935;5.0817;-4.52236;62.3492;5.28536;-2.7564;-15.6104;0.836842;14.2934
70.7874;9.65758;8.16389;18.2298;-4.46682;2.74777;8.11633;-4.69411;12.3073
-38.489;0.608977;12.9757;-52.3046;2.90552;17.1634;-29.4057;-4.1589;21.505
26.6348;1.94781;18.6447;31.6929;-3.67106;6.33925;-12.0881;-9.04595;21.9809
6.27484;-2.32094;1.82839;3.22042;-3.99412;19.8947;24.5261;-6.03612;0.128224
-35.8901;-0.210198;10.8046;-21.387;-5.17953;2.89812;-37.4404;5.85887;-1.08765
-41.6993;-11.5417;-1.46465;11.3509;6.11583;2.25197;-57.3413;-16.8295;-5.57734
-0.826495;-4.15946;18.8337;12.1515;-2.91413;3.15919;-29.901;-2.528;21.8855
-0.846163;-8.58566;6.55971;-22.4968;-4.54079;12.2282;-23.1223;0.654953;19.7029
-19.1602;0.166224;10.2943;10.379;3.83615;0.613478;-13.6535;-7.49374;4.35398
-20.903;-7.54109;13.2941;-38.7893;1.42896;13.1832;-24.7462;0.224651;18.6998
-39.2425;7.37081;-3.05677;-30.1911;-8.74778;4.61262;-22.9382;-2.16241;-13.4868
-29.7316;-1.28531;5.29225;3.07772;-6.38194;-2.97981;-11.2552;14.0466;-21.1592
-25.3853;-3.53964;-13.4897;4.47504;5.00449;-19.1385;-2.16003;7.6919;-23.7017
-69.9044;1.47079;1.64131;-50.4398;-0.285594;9.4433;-58.5882;5.52289;1.5913
-56.6563;4.88511;-2.57179;-58.1367;5.03912;-0.489655;-56.2969;3.23207;-1.89081
-39.0772;2.78544;-2.59213;-23.5294;2.86991;-14.2912;-53.6761;16.8779;-11.3448
-38.4076;10.8304;-22.593;-2.85384;5.24039;-23.0419;-43.583;5.74309;-28.8444
-14.8711;4.07615;-21.4399;-44.2993;-3.12281;-18.0424;-34.1529;4.49621;-24.05
-29.5492;0.883369;-15.6741;-40.6763;11.5241;-21.2836;-66.035;12.7994;-12.2126
-54.7126;9.57321;-1.99312;-40.5761;0.341644;-1.58236;-56.3254;11.9654;-9.40043
-63.3051;6.20857;12.7855;-47.4112;2.01236;10.8607;-75.2408;0.502131;1.33293
-10.026;4.26339;-20.0073;-20.0928;-6.96459;-6.86707;-42.7906;-4.64717;-15.4893
-35.9664;13.9834;-19.6027;-63.3251;10.3763;-16.4451;-54.675;14.2486;-9.57198
-27.6697;16.9578;-17.4832;-74.7693;-8.42058;-24.6972;-47.488;27.0307;-9.41615
-72.6153;-5.79984;-21.1214;-76.856;4.95715;-4.96477;-52.7431;13.6529;-12.2925
-50.4234;8.43762;-0.129271;-70.5784;2.8572;1.93527;-54.2885;-0.912738;9.34121
-177.435;-4.06166;-0.854857;-68.2261;-1.59077;1.61921;-167.972;-5.47957;-2.63096
-24.3494;-2.21988;22.7996;-59.1555;0.892085;24.7913;-36.278;-3.66204;26.5705
-90.1643;-1.32858;11.7179;-57.1389;2.54126;27.1433;-58.2127;-3.76558;16.4308
-51.3146;-1.58946;8.59865;-72.4757;-5.35816;7.45597;-50.16;8.56324;20.1065
-76.1169;2.46077;1.00782;-67.2748;4.21387;13.9178;-64.7766;0.742785;2.16068
-64.6392;-25.3335;-11.6897;-27.6029;-3.87095;-63.5622;-56.0127;-30.1904;-40.1663
-53.8371;-9.7065;-54.4634;-52.2173;-21.0441;-42.4463;-43.8245;-12.1779;-54.5239
36.0855;-231.47;-15.2545;18.7441;-266.552;-42.8113;9.4031;-239.444;-35.2086
2.36131;-362.091;-18.7995;-3.03197;-258.619;-50.013;9.61812;-206.156;4.46508
-4.87946;-189.272;-6.00978;12.0154;-184.93;-1.09549;-3.7234;-185.836;4.35173
13.1416;-194.794;-2.03359;2.61418;-242.318;-13.0216;5.71087;-215.438;-14.437
-13.1009;-51.6433;4.06688;14.5946;-46.4137;7.47481;-22.4445;-77.8498;12.4152
-0.275306;-148.347;-10.9532;-2.5186;-131.36;-11.0442;-9.74527;-151.849;-2.58944
-25.4082;-3.49927;-1.38129;-18.1433;1.69896;8.10216;-18.1958;-7.00697;1.15425
-37.3419;2.97391;11.2409;-24.5667;-7.22406;10.9298;-22.7305;0.0629094;3.88018
24.8126;11.7159;-17.9669;-60.6964;-15.1923;-4.09436;-54.1271;-32.4718;11.9693
-19.2491;-1.40881;7.29748;-12.4548;0.551255;4.45083;-21.7968;-1.04241;2.9707
-24.5922;-6.29724;-3.49522;-9.71755;-0.622323;2.17004;-3.80762;2.28062;3.3561
-16.1119;2.48881;-22.1522;-41.0963;3.72734;-25.9926;0.871543;7.11799;-24.1668
-29.4914;-7.09987;-5.47588;1.33294;-5.1267;3.81887;17.9646;3.81426;-13.2397
33.2944;0.926641;-0.145291;-10.137;-5.45927;-13.3529;3.1711;-4.52011;2.33401
-10.11;0.4345;-20.7804;15.5753;1.96471;-13.0181;-18.517;-6.6191;-8.41986
87.3633;1.91251;-2.43701;47.4335;0.0433203;-6.36579;23.4504;3.04981;-10.9412
-5.06316;-5.94879;-12.1982;35.0132;-3.20377;-0.752724;2.62274;6.32528;-28.4172
44.7503;-0.533426;-0.431558;24.9458;1.9112;-16.9531;-4.80528;3.66974;-27.5383
31.9882;9.17285;-20.5965;46.4372;3.1848;-1.62876;70.1149;-1.54885;-1.69483
23.0731;3.31455;-18.155;-12.4065;1.91308;-24.4815;0.768494;6.28807;-24.1225
-17.5401;-10.5398;-4.14381;19.2906;3.77423;-14.0558;-7.47282;-1.59658;10.9035
42.6594;-2.36634;-8.17523;28.8434;19.5575;2.01848;22.9315;2.11385;-11.3076
-1.78351;-1.21236;17.5093;19.87;8.61346;6.96511;-18.7764;2.11268;37.0665
-95.4593;-1.80163;-1.61812;-34.6179;1.69909;-14.5334;-110.912;-6.8697;-2.89237
-50.7347;-2.69346;1.69906;-102.15;-6.27908;-0.565277;-114.268;-7.26489;4.03467
-14.6832;-4.66207;-2.53383;-2.41031;0.520669;14.3822;-45.9933;-27.7917;14.0853
-19.4921;-17.0282;42.3119;-23.9734;8.04139;44.2366;-21.6157;-25.3332;67.2746
-33.1441;-18.308;83.5953;-14.2312;-38.9656;77.1667;-26.5208;-10.5349;70.7177
-18.0036;-4.62513;18.3424;-15.9772;-17.2639;35.1119;-44.5819;-27.3259;14.536
-59.533;-13.499;1.37347;-20.8817;-5.6041;-0.823877;-48.2675;-18.4595;12.1085
-54.3276;5.02818;-14.6626;-47.2272;-1.32813;-15.7868;-91.7165;-4.92017;-4.10106
-49.1632;-34.0405;98.9802;3.98093;-76.0988;82.0119;-2.72288;-34.2175;74.8401
-2.11324;-8.35915;40.5849;-49.5668;-37.689;18.5402;-47.748;-20.3434;16.1293
6.98188;1.70862;72.9127;-27.9027;-39.7716;40.2582;-31.3166;-15.6534;31.2848
-25.9588;-27.7896;35.4329;-64.089;-22.0829;3.70374;-32.7555;-20.952;31.8669
-57.9914;-7.54272;-2.01023;-103.815;-8.27368;-0.323097;-46.3609;-5.1831;-10.2244
-5.30178;1.56144;-25.5333;-38.4398;11.8765;-21.8246;-27.6488;3.56248;-16.8842
-73.1501;7.2677;-20.8578;-37.7621;13.4236;-20.6889;-46.2673;-1.78159;-26.8877
-46.5183;-3.99879;-15.3921;-68.743;-5.90527;-23.0049;-34.1399;13.6659;-20.8842
-67.582;5.5828;-3.68414;-55.0053;4.9785;-14.6903;-98.6294;-5.95374;-3.98332
-38.1115;0.970537;0.456204;-50.0902;10.949;-0.368545;-50.8277;1.97207;7.38723
-62.3507;9.52318;-0.373665;-55.9335;6.2364;-3.08139;-56.6277;10.2247;-7.06344
-151.732;-3.41535;-1.68448;-79.4246;-5.54026;3.30358;-102.356;-6.5951;8.86664
-50.144;0.0527857;15.8911;-103.355;-8.61057;9.45771;-75.7317;-3.90956;1.25198
-2.86205;-192.301;-3.66817;-0.423263;-211.338;-8.11347;6.11969;-195.216;-8.95272
39.983;-232.488;-21.8173;4.62505;-234.81;-19.9134;34.269;-199.317;4.51517
24.3267;-129.086;5.9698;17.9624;-135.42;-2.20393;-21.156;-229.239;-14.2444
-5.63096;-174.831;-3.87609;-7.7722;-185.402;-3.16712;-5.43706;-186.842;-9.75422
30.1474;-167.631;4.7771;4.32951;-185.163;-2.42018;15.5032;-175.481;8.13935
1.33618;-208.542;-0.893148;-4.30529;-189.902;5.05171;4.7397;-188.83;4.02934
-3.77271;-182.288;8.06786;8.0458;-204.454;1.57986;-2.9688;-200.319;-0.722136
7.43338;-202.008;11.6263;11.1302;-254.435;-25.394;10.0718;-178.265;-12.0356
-0.538498;-214.223;-3.82068;2.74945;-194.861;5.18693;15.6004;-200.333;4.57529
3.61746;-216.799;-2.59044;-5.51856;-210.644;-0.871017;22.2179;-189.219;9.17706
-11.135;-199.966;-13.2225;-10.6671;-192.899;-2.12884;13.1927;-187.523;3.74206
7.43608;-270.823;-44.736;16.2115;-242.724;-28.1239;12.6313;-223.618;5.59048
15.5025;-170.578;9.02732;-10.5731;-196.624;-19.3129;-15.6863;-190.953;-1.23602
-4.308;-160.846;-14.2175;-14.0528;-160.554;-7.75047;-5.7548;-188.855;-0.193147
-2.06654;-121.617;7.03771;1.73183;-91.5811;15.2873;2.1742;-112.435;20.191
11.2084;-161.282;15.759;-14.3973;-172.582;-4.61991;1.78095;-126.781;7.98536
0.99016;-164.62;3.39283;-2.81846;-157.84;15.9163;11.3816;-163.52;13.3881
13.0964;-63.6925;3.12308;13.0374;-95.044;6.79401;-3.6582;-78.7163;-6.02656
-10.4298;-160.574;-4.82301;12.7264;-156.792;14.5251;11.3594;-155.975;-3.54986
-5.68247;-117.1;-13.1075;5.45481;-82.8578;-3.97611;0.811014;-118.806;1.05887
0.115676;-84.2973;-8.51031;4.62058;-57.519;-4.83651;-0.14019;-75.4834;-0.102953
0.367492;-28.6929;3.87447;2.35279;-43.7971;7.88476;-0.735956;-50.4159;6.68823
1.27767;-84.8024;16.8803;-8.48241;-112.771;7.64966;-7.88391;-84.3053;4.16103
-3.32818;-172.192;-4.31321;-4.74248;-172.704;-6.10888;-8.48755;-161.193;-6.38994
-3.96092;-173.904;1.12901;-1.72613;-183.374;-1.72538;2.74678;-173.488;-5.45815
0.00986;-121.233;0.163267;-9.69491;-148.911;-4.60665;-9.25244;-127.918;-13.8088
-2.57048;-160.44;-4.47403;-10.1112;-171.562;1.13065;1.87421;-167.602;-7.53653
-3.50873;-127.36;-3.97771;-4.22862;-145.653;-4.65178;-4.11821;-133.185;-12.233
-4.00485;-83.3163;-1.91263;0.118816;-80.6612;-13.1305;-0.235313;-58.4259;-3.03338
-9.38422;-115.52;-9.97768;-2.60166;-96.7881;-12.3409;0.897426;-82.0053;-1.48435
3.29021;-17.0277;-0.220309;-0.176687;-32.1771;-10.3621;2.97724;-21.6044;-1.32503
-1.63547;-121.683;-3.58698;-1.36334;-124.836;-12.1886;-0.586093;-105.358;-4.71386
-3.01514;-57.2735;-10.5398;1.45591;-53.5755;-0.914813;0.987332;-69.5426;-8.66245
-4.60455;-94.6482;-3.02854;-0.792807;-115.354;-9.65642;-1.64109;-97.8609;-14.0968
-3.30555;-168.539;-3.88143;-2.65297;-159.539;-10.3058;-8.84039;-156.137;-3.7651
-1.1453;-145.641;-9.14064;-0.826784;-150.853;-3.81026;1.96456;-154.324;-8.19531
87.1615;1.15833;0.415725;25.4537;4.32075;-15.3626;71.2957;-1.31002;-1.51035
-13.3642;0.0240645;-21.7035;28.1422;4.26329;-17.273;17.8351;-0.189182;-12.9914
-8.89442;-3.55896;11.8385;18.9358;-2.91702;-14.7142;25.5831;10.4988;0.791732
25.6498;0.353607;-15.7218;80.0098;-0.147175;-2.70082;18.4508;-0.264378;-13.5075
77.2454;0.207282;-2.4318;92.723;5.45028;-4.05565;39.8785;-1.01794;-6.54344
-37.2122;-18.6158;82.4931;-18.879;-26.0324;68.7389;-32.4636;4.03214;46.5029
40.5906;0.407864;-6.00494;75.0395;7.95759;-7.87813;24.1339;12.9927;5.10689
61.9397;4.57418;-1.49469;13.9156;9.62064;8.69288;85.6971;11.4746;1.53285
-38.9574;-14.2721;92.8607;-62.4941;-59.0984;106.295;-12.8084;-103.363;93.2597
-287.382;-41.5918;25.9447;-154.455;-95.9295;118.98;-12.3702;-49.5521;135.515
17.179;11.6601;10.0286;47.2246;10.7626;-3.6424;-19.3004;4.26907;37.9446
42.2885;12.3136;-9.08429;-56.1928;2.41738;44.3186;-19.0619;2.20387;41.8246
-61.0861;11.786;44.4865;54.1511;8.35819;-12.567;19.5167;9.64484;-14.729
-45.076;12.8066;51.0084;-51.6681;-37.2989;91.0726;-21.7555;10.0368;39.9575
3.91044;-88.7317;81.8766;-88.738;-82.3991;124.508;10.7612;-183.796;52.0334
-175.41;-119.268;107.823;-99.2749;-285.754;104.024;-72.5051;-9.68031;130.411
7.62601;-169.571;44.2574;-98.4763;-238.853;46.1015;-21.2596;-179.814;2.19325
20.0976;0.300645;17.8987;-14.2358;-22.4508;79.413;119.287;-7.30005;1.73839
7.97215;-31.0238;40.3912;196.682;-30.2432;-34.4241;162.772;12.8996;23.6501
-3.26288;-91.8352;76.9552;11.0438;-175.31;51.5966;87.6474;-113.495;-18.573
44.9441;-173.94;-16.2813;-13.0033;-166.523;10.4795;60.037;-148.892;-22.1974
43.2843;-112.346;-38.8004;37.6338;-150.65;-28.5841;34.3169;-131.792;-11.5079
1.14896;-178.576;38.8805;75.5305;-168.903;-7.26554;74.9359;-117.69;-15.7791
43.4346;-48.5591;38.2748;-2.44311;-96.6639;78.0619;86.5767;-98.3179;-22.4054
-9.79387;-14.9405;52.7037;8.3048;-15.2329;82.9374;2.89187;-14.8405;8.36335
29.835;-131.741;-13.1315;51.4765;-80.7765;-24.8314;30.5841;-116.875;-37.1784
58.9903;-165.969;-9.51961;100.534;-160.122;-36.5664;77.3858;-130.107;-19.2237
61.8592;-122.529;10.8944;-42.8679;-152.43;-11.6618;80.3819;-162.099;16.9556
53.0331;-138.541;-35.7493;80.2931;-176.501;-31.7528;51.7514;-154.205;-34.034
0.540631;-168.06;-1.78141;9.99971;-154.92;0.473429;-0.189887;-157.247;4.69759
49.166;-24.0174;36.5447;104.288;-15.5118;6.70412;-15.842;-28.0179;84.304
95.9167;-162.325;-33.834;47.7782;-146.07;-22.4259;59.3278;-163.462;-5.04699
7.50054;-127.952;2.6593;-12.4891;-139.113;2.08666;-5.1579;-133.624;0.406616
4.24266;-139.487;2.04937;-4.10109;-145.918;-0.128983;9.86123;-128.847;0.57346
-2.42775;-135.591;6.53313;8.09047;-133.205;4.89595;-10.0072;-148.156;4.17089
44.734;-155.295;-18.991;-29.0819;-138.728;4.28293;65.6465;-144.314;4.59923
-12.4202;6.5646;42.2043;-23.4909;-22.909;38.3364;-4.44243;-3.91318;15.5111
-40.1472;-34.7531;24.2497;-18.6159;-13.8972;43.7166;-21.4212;-27.6858;58.3547
-6.9963;-20.0056;74.1158;-11.0908;-30.1773;51.8838;-27.2988;-9.2759;72.1906
-76.0582;-10.3802;7.26792;-6.06173;-6.37074;46.5528;-3.73301;-9.25925;3.48296
-17.2906;-4.01686;-5.37009;-57.352;-12.4583;-2.2465;-39.5484;-3.37931;-13.982
-96.3363;-14.0171;-0.366796;-57.8953;-9.89562;5.31913;-46.9904;-13.9697;10.3984
4.24399;-256.599;-32.5132;10.8455;-232.832;-19.3144;25.5356;-236.882;-25.0645
2.64881;-242.213;-14.5794;6.56679;-214.717;0.82507;14.922;-225.304;-13.7981
-6.95168;-279.501;-45.4809;-9.97485;-245.517;-18.2658;47.6789;-205.908;-5.59966
-9.5605;-147.166;-9.6641;-8.14006;-160.42;0.691257;0.928781;-159.605;-1.68035
3.39988;-95.6474;-5.82689;10.7915;-99.9375;15.987;-5.97826;-152.504;1.89458
-30.1652;-115.992;21.4057;50.135;-63.4602;-3.59836;22.7034;-96.302;-3.19536
-13.0837;-60.1691;1.76127;19.5572;-43.6642;5.82177;22.8763;-62.1115;7.59612
12.5056;-9.10332;4.73518;5.26903;-13.0187;6.29483;18.9512;-3.83957;-2.57596
12.0496;-10.6214;0.976239;7.88924;-20.5235;6.38231;4.21469;-17.8237;-4.91342
-163.793;-12.0002;24.8887;-54.3425;5.61767;58.8855;34.6485;11.5258;-10.2745
-29.8254;-30.9401;90.9624;-68.7999;-1.96982;64.6823;-68.9424;-47.591;107.569
12.1642;-168.073;53.093;-92.4536;-81.0093;127.89;-92.3535;-236.833;97.3223
-58.4594;7.4844;57.3823;-160.923;-9.47457;26.3616;-104.835;-74.2509;133.694
-153.158;85.2626;-63.3695;-831.29;-175.783;247.552;-144.092;-86.9203;112.756
52.0989;-133.991;-7.58319;52.3479;-148.678;-24.3813;-22.1188;-167.314;9.04032
-166.978;-102.992;102.943;-465.61;-433.418;274.765;-47.4804;-215.819;69.733
19.5462;-142.687;-4.94458;13.7255;-97.0589;34.4822;51.2592;-64.5119;-20.9534
-139.787;-173.287;145.187;-90.6336;-264.466;217.61;-43.2527;-107.455;86.2431
-152.015;-126.146;133.591;-135.62;-244.905;47.5193;-445.811;-426.884;82.5911
-49.5846;-109.11;18.6902;-73.0184;-65.9135;20.4387;13.937;-63.2581;67.2635
-143.393;-146.084;113.911;-33.8283;-122.16;47.2513;-52.7007;-172.58;0.211955
-23.073;-164.201;28.2779;25.9204;-83.5968;33.7161;29.6912;-14.8628;20.7469
-51.0751;-175.071;101.604;-4.24089;-234.664;140.294;7.28274;-115.883;21.5616
22.5415;-171.046;88.9575;-38.5493;-143.636;66.5526;-35.7868;-166.44;117.81
17.5722;-231.01;130.976;61.1797;-195.364;-1.76062;-38.2094;-122.862;42.8483
16.2784;-206.288;152.61;23.8689;-190.031;116.713;-122.147;-170.748;133.777
-38.8529;-114.308;59.9776;0.57675;-148.051;67.3714;2.88498;-189.45;53.1305
-162.218;-157.063;128.071;-423.53;-359.366;300.918;12.4399;-195.002;172.955
30.35;-106.574;29.0453;0.702782;-114.016;-2.06496;-35.8032;-172.691;23.6375
-16.4548;-198.605;164.77;-166.79;-758.092;265.154;144.842;61.6217;-36.4413
-107.121;-267.31;49.0543;-244.521;-167.878;99.7794;-0.963837;-150.966;-11.5764
-45.1052;-113.617;49.7779;-134.382;-156.908;112.548;-57.6884;-151.2;101.57
-37.3755;-130.426;45.2344;43.7763;-134.819;-2.40276;-29.9881;-161.037;14.11
9.82731;-99.7774;36.4195;52.4748;29.1798;-6.60195;45.2926;-71.0568;-15.5218
-3.10492;-144.412;-2.41604;-2.91204;-134.564;-26.1596;-6.90104;-138.058;-10.4677
-47.5799;-56.2166;29.2886;-22.7894;-47.9336;11.2997;13.378;-66.9971;66.181
40.3796;-62.7336;-43.8701;7.68145;-14.4636;9.35959;1.04278;-85.6783;-39.3294
25.0439;-137.603;-32.6374;33.4063;-141.375;-48.1164;9.23484;-103.196;-37.2769
20.153;-95.8747;-31.7177;35.5893;139.945;-27.0907;-1.81298;4.97811;10.8029
53.45;-149.971;-14.9906;-4.7044;-145.297;-8.24911;22.0773;-120.366;11.0369
15.903;-84.7733;-34.9014;34.2222;-144.771;-43.6109;33.4758;-123.409;-44.9643
2.45344;-129.125;-27.0424;6.50503;-97.1977;-30.774;1.93505;-126.025;3.02948
-26.2546;-184.546;-1.62221;65.4966;-160.358;-8.03153;0.136662;-177.139;38.622
84.1297;-165.788;-28.088;47.2088;-169.435;-23.5177;57.2373;-161.47;-34.4821
-0.33826;-95.9744;78.0963;50.2143;-46.1684;36.4798;-2.06541;-20.0396;76.606
139.745;-62.9243;-11.3176;53.2575;-13.6322;23.9998;78.2958;-119.464;-34.0192
47.1124;-147.79;-42.8932;25.8092;-139.549;-31.2534;47.4452;-154.046;-23.8005
11.4453;-95.9668;-34.9749;4.64131;-128.104;-23.8307;21.3695;-143.942;-35.1201
3.14421;-132.641;-25.6593;2.89493;-140.584;0.477455;23.3691;-137.883;-34.0297
5.00834;-144.904;-2.91934;-4.86305;-131.791;9.56443;-4.24244;-129.635;1.94661
0.268592;-190.506;-12.7372;5.16054;-193.342;-0.632401;2.82066;-210.168;-9.32823
-0.346912;-194.335;-4.75862;-5.24174;-184.716;4.14813;0.618435;-190.896;2.2483
5.83588;-28.6702;5.45374;7.75873;-43.4667;10.3547;-5.41674;-39.928;-0.3959
-1.92212;-63.4516;10.4222;-6.9852;-62.4737;5.90655;2.80132;-61.1474;9.41791
-4.40832;-49.1845;5.32245;1.47235;-30.2552;4.8658;3.906;-53.3899;8.62929
0.77857;-47.1607;-8.65824;-0.540729;-32.7273;-1.81405;7.97419;-50.5437;5.33608
5.54872;-23.8123;6.60502;6.14928;-26.7695;5.83169;3.84811;-24.2371;-3.63174
3.05611;-14.4;3.6276;4.41249;-30.4537;1.76228;-1.17395;-36.6994;11.925
5.06395;-22.9305;-1.51107;12.5964;-13.5811;0.918313;6.72912;-18.241;5.14433
-15.3744;-179.228;20.7186;-24.2785;-179.521;0.77339;12.7413;-74.1985;-1.75123
-6.09696;-84.1485;-4.53201;21.0418;-77.424;1.89868;-16.2092;-129.988;8.18615
-43.6223;-119.849;19.9075;-24.9183;-76.2673;8.48043;34.222;-58.781;2.08165
-0.772964;-51.4819;-7.12349;5.87771;-57.5504;2.85192;-3.8639;-67.7254;-3.30998
-2.42156;-19.3899;1.83104;10.966;-5.42387;-7.37017;19.8558;-7.41405;7.96895
3.31233;-47.0298;-1.1532;1.60851;-43.7576;-9.38976;-1.62344;-39.7778;-5.04711
8.04832;-14.3915;0.83848;13.877;-12.4285;-4.43054;14.8224;-3.20592;3.2539
-51.9827;-120.77;56.9661;-37.0841;-126.142;64.8158;-52.7073;-140.062;41.137
-22.7718;-59.0779;-0.404132;-8.62592;-32.3358;1.2675;23.7053;-30.6925;10.1339
-50.3479;-128.098;53.2217;-38.6926;-92.1892;36.3795;-5.38726;-84.7229;46.5497
-21.7725;-296.992;19.8025;-7.78029;-116.208;26.8986;-6.94936;-141.463;80.6675
5.82627;-277.78;71.6943;38.6895;-244.176;49.4684;27.4559;-156.503;65.9078
-8.29362;-81.3711;54.1697;-9.53287;-75.4461;60.9269;-39.6945;-126.471;78.4638
-15.1977;-104.644;44.7581;-55.2734;-117.993;52.2977;-61.6797;-148.357;94.4794
35.3564;-138.67;0.0495878;-37.0546;-128.585;42.2223;9.04079;-98.664;32.8979
-4.67024;-108.435;24.5705;-3.42054;-115.201;-8.40475;-49.4967;-61.8158;20.3124
57.7229;118.161;1.69917;-17.1891;-146.182;52.8788;-9.59986;5.05932;11.1388
-40.551;-62.7439;22.3318;-4.55247;-118.546;-9.53221;-19.1252;-124.356;-2.82645
10.546;-120.812;20.4699;23.6553;-117.386;51.8395;-45.129;-164.446;98.4466
61.9297;-246.561;3.09037;12.9465;-233.449;-23.5311;-60.1946;-199.935;-2.49916
-60.4328;-150.043;75.4854;-44.6244;-138.545;32.3314;-48.4003;-164.043;24.872
-17.963;-113.024;42.0156;-60.6346;-145.19;108.464;-21.9082;-172.235;96.2487
-19.9257;-206.886;124.847;-22.6515;-158.849;105.925;-52.0056;-136.195;114.278
-44.4783;-149.914;41.3226;-45.2838;-112.606;72.6721;-5.22594;-151.224;86.9561
-36.4977;-141.583;64.8888;-58.6554;-146.566;78.4989;-10.6605;-142.454;98.6361
-15.132;-130.124;45.2722;-23.5034;-152.414;92.0203;-13.9085;-154.138;97.8026
45.0193;-149.801;-38.1221;43.8954;-120.709;-42.5173;41.9534;-135.694;-39.0818
81.7747;-174.336;-26.1873;49.2729;-147.131;-42.5676;50.1035;-152.913;-23.1786
48.9283;-149.551;-15.7709;23.3558;-146.984;-29.9012;6.58589;-142.677;-9.12063
0.109248;-130.061;1.49667;-16.3403;-137.107;6.55198;-15.1637;-138.388;3.43324
20.6765;-145.135;-28.2081;-9.68005;-141.73;-0.349433;23.1865;-140.392;-9.04308
-2.0118;-135.039;1.10227;18.3285;-136.108;-6.10715;-6.71685;-145.444;-2.14929
7.09823;-141.503;-2.39704;-14.2419;-139.628;2.93382;6.99305;-131.135;3.14415
-1.98775;-140.659;0.366931;-5.05947;-157.952;3.5317;3.50142;-144.576;-3.04833
-5.66073;-148.478;-1.02637;-1.72659;-133.745;1.24054;-8.55758;-143.607;1.94517
8.97723;-126.676;2.06615;-1.83465;-116.802;-5.85322;6.97833;-105.946;-0.898774
-3.22151;-156.661;1.64032;-1.51455;-140.076;-0.0410812;1.69696;-147.485;-0.5443
-6.46118;-130.822;-3.29594;8.71613;-127.467;2.58809;-9.18418;-146.863;0.245582
-1.11171;-148.527;-0.12579;3.81968;-173.139;8.00389;-0.888021;-156.062;1.62506
-4.44358;-134.651;-8.99059;-15.3795;-161.284;4.13346;2.60973;-152.037;-2.89716
-10.2444;-123.88;-10.7745;2.71613;-116.025;-0.367154;-10.4925;-148.926;4.78754
-15.626;-153.685;-0.656504;22.1422;-117.007;-11.1087;19.5164;-136.29;-5.33231
1.76851;-149.469;2.90755;0.0911344;-184.326;6.58766;-0.651;-177.508;-0.0666666
4.97282;-125.746;6.58316;-0.648163;-113.787;1.73453;1.86396;-106.815;7.1064
2.37639;-94.3957;-0.637017;7.10409;-95.0886;0.979856;3.019;-103.032;0.93907
6.78815;-132.949;9.58861;6.72404;-132.644;-1.30651;9.46194;-117.075;2.03824
2.36926;-93.8933;0.823742;-2.46801;-87.904;-0.994039;-0.316592;-97.4023;1.04991
2.9366;-112.782;-2.3356;0.366258;-102.373;-3.15257;6.40404;-104.162;1.50705
-0.179217;-82.7513;-1.87815;-0.513855;-68.364;-5.53291;-2.81148;-68.6207;2.15444
1.44782;-119.869;3.51751;-4.97363;-107.908;-8.40234;0.152547;-106.727;0.54511
3.15316;-87.0181;3.02196;3.88023;-96.658;1.88322;2.05083;-82.3649;1.7593
0.0484189;-102.595;1.55963;-3.23869;-101.201;-6.27589;0.604521;-81.2312;-2.6653
-10.0683;-158.847;3.07089;-20.2237;-164.093;1.81656;13.3093;-140.901;-0.967156
-1.43489;-132.959;-9.90168;8.68312;-142.581;-1.08952;-2.87463;-155.109;-4.80227
-8.36654;-125.978;51.4161;-13.2814;-176.005;7.66446;-25.0093;-96.8751;9.19678
-51.0627;-131.738;66.5358;-36.4652;-119.462;65.1456;-42.9566;-126.306;64.1004
23.9098;-47.8831;39.7984;22.7908;-120.202;84.7432;21.5941;-42.7044;66.2584
-30.2788;-87.9311;45.5733;-31.7219;-137.91;59.2173;-2.032;-104.957;8.93984
22.6359;-128.821;84.0807;-24.6554;-106.278;65.464;-10.2769;-75.3591;60.8232
23.4017;-58.1539;73.9995;-6.20993;-86.5485;44.6474;-13.9557;4.76462;9.44042
-5.70413;-20.5833;34.2906;-19.2289;-6.58343;35.9219;32.9992;-72.3139;49.3462
-12.6948;-243.587;79.9395;-22.7982;-148.659;67.0475;-61.2088;-322.299;31.8751
40.3075;-4.80499;38.0022;-11.4539;46.5603;19.1028;49.6181;11.2356;24.7149
35.2574;-17.8843;45.2878;27.3179;-65.4342;49.648;15.5619;-152.208;93.0063
-62.5431;-59.8936;74.6177;-88.5344;-102.51;100.134;-33.0902;-183.4;112.013
27.6946;-45.1451;69.2253;-12.3084;9.75653;0.209259;6.11929;-54.9984;43.3325
-3.37444;99.7242;-3.64003;-20.2934;-1.0731;10.8686;3.726;49.4244;22.1844
18.6085;-28.3025;53.2025;10.4314;3.23962;4.29547;12.8988;124.618;9.4756
-43.9881;-141.026;53.6082;-12.6147;-84.0205;57.2694;-30.2699;-110.541;72.8067
-5.03705;16.7774;4.00775;-25.3508;-87.4374;48.8919;-7.83857;-118.384;5.72618
2.43479;-129.181;-29.9995;-1.00778;-134.942;-2.48904;-0.489184;-135.794;-11.4846
2.81279;-164.786;10.0671;5.03644;-138.862;-4.00018;-10.3288;-163.441;11.1092
-1.67771;-133.38;-11.176;0.233518;-138.464;-3.06334;-9.53625;-169.687;-2.07791
2.18305;-137.177;4.40694;0.44372;-136.973;1.93101;-11.1948;-138.692;1.66516
0.118614;-150.295;-0.134233;-8.04523;-132.73;3.65546;-0.913356;-154.659;1.15008
-12.5945;-141.452;0.848561;9.76485;-134.225;5.94551;1.28642;-141.325;0.17829
8.76236;-122.807;6.2074;5.46131;-134.453;9.6911;-0.730176;-147.541;1.88389
-1.32501;-132.517;6.03092;-0.0805469;-119.792;4.931;7.65619;-118.596;7.36832
6.58135;-115.312;2.65018;7.31849;-126.45;1.63377;5.73993;-105.036;-1.85641
2.4931;-137.756;2.03972;6.82607;-130.538;7.24858;-5.03607;-140.394;2.78755
0.938532;-105.067;4.33072;6.06353;-126.558;6.65344;8.11783;-114.208;0.796687
-8.50035;-103.523;-5.53996;5.16042;-82.8522;9.24696;19.73;-72.3757;10.5019
-1.94285;-44.7997;3.11887;-5.24375;-57.2215;7.17057;-7.72983;-54.6846;-2.67964
-6.80518;-89.7113;-2.73505;8.72049;-64.7911;-9.65242;10.7952;-78.5071;-3.61668
5.87797;-48.0326;4.45476;1.99592;-25.7423;-5.08772;9.6179;-22.5216;9.46367
0.927807;-29.1649;-9.38346;-0.575419;-29.6192;2.04013;1.11275;-42.2121;-2.64214
-23.6423;-306.69;19.2461;8.24594;-492.426;-6.78554;-36.1263;-416.482;15.3416
27.0479;-265.627;56.3711;14.5484;-115.669;68.3926;16.1314;-172.193;72.4015
-254.147;-192.719;150.718;-37.9493;-495.699;247.892;2.50758;-367.998;174.251
-65.9569;16.852;42.2969;-89.6801;57.9124;74.0282;29.2815;-45.7645;69.8495
34.3069;-67.0504;-30.6694;17.846;-80.7865;-36.0128;25.4638;-120.066;-39.6834
2.23879;-135.133;5.43849;5.87614;-74.4291;-36.826;-1.01898;-71.4137;16.4287
-5.014;-144.109;-0.946122;4.50585;-137.096;2.04509;-3.48117;-139.784;1.86995
9.77169;-123.408;-0.443723;12.2268;-116.468;8.51833;2.29219;-143.963;3.52479
-0.0742527;-97.516;-1.10473;-0.338377;-114.139;2.46988;0.975526;-103.2;-0.307554
4.33206;-94.3871;-2.2537;5.1387;-98.6398;0.60965;2.37108;-119.887;2.18828
3.90567;-122.906;3.46475;4.74658;-108.131;-1.71433;4.86316;-99.4672;0.0532551
3.59145;-92.5451;0.12005;3.45241;-97.951;0.0798222;3.14806;-100.535;-0.203833
-0.370263;-97.5101;0.786687;-3.07382;-84.9788;-4.13989;3.96608;-87.8138;2.35675
4.87742;-92.4856;1.34454;-0.37042;-94.5783;0.431192;0.203577;-91.9452;0.318432
3.56472;-97.323;1.19915;2.68189;-95.3123;0.106626;0.652144;-88.0266;-0.974801
1.37412;-43.7019;-4.25776;-8.27583;-54.9731;-3.90534;-12.5588;-71.8009;-11.3941
5.88069;-87.7811;-1.38333;2.20948;-93.088;1.95104;1.86491;-91.4965;-0.0867522
-8.89575;-69.4088;-4.29113;-7.86793;-83.9208;-0.994885;-1.2937;-71.32;-5.75331
-3.4336;-65.5746;-5.23865;-5.88067;-87.0629;1.20139;-0.762782;-77.2525;-7.25298
12.094;-39.4011;-1.84483;13.2916;-21.6511;-3.88543;-12.7177;-38.1286;-2.79621
-2.62838;-35.863;4.10598;-4.75203;-35.8035;-2.57706;-3.99587;-30.1316;3.03346
-16.7164;-48.769;-2.68751;6.39556;-41.2672;-7.82234;-19.2354;-32.5242;-5.69589
-3.2053;-52.9231;-9.10431;-4.40075;-40.691;-1.34676;-6.69666;-51.4265;-2.56854
-1.57678;-10.0806;-0.0440355;-0.386874;-6.18206;-3.54279;-0.828873;-5.30446;-1.80588
-7.23649;-77.0985;-6.09297;1.25023;-71.1525;-6.78959;4.0124;-48.119;-0.0964582
-4.86532;-29.5243;-8.82992;0.0233375;-19.4423;1.91515;7.57603;-34.8539;-5.15739
-13.5788;-55.0865;-6.28231;0.450161;-66.6651;-5.86083;5.81823;-54.1086;-9.17447
2.03644;-93.0361;1.26999;-7.11286;-91.8144;-2.72247;4.99879;-86.3244;0.0778785
-0.289476;-83.3781;-5.52673;4.61945;-81.7408;-2.56711;-0.568441;-86.6571;-2.0011
-2.96945;-143.388;76.3502;18.2833;-160.119;92.4335;23.507;-73.1311;52.0199
-65.9961;-161.778;21.9031;7.76808;-179.969;40.1668;44.0483;-252.865;8.49178
-52.479;-316.692;44.8774;-12.4745;-113.825;67.2565;-53.7179;-219.214;57.7579
8.70805;3.49918;29.0135;5.42725;-156.236;75.2289;29.2904;-78.0216;52.2448
-6.07117;-311.069;17.1745;43.1932;-431.347;57.7378;-3.93043;-480.793;3.50925
33.044;-244.089;38.2945;-5.67005;-326.783;-0.516131;12.8352;-228.037;6.38293
-7.73314;-329.451;-1.82246;36.0518;-240.303;40.1585;-27.3833;-280.579;57.4625
-51.5737;-314.558;22.6005;-22.1893;-157.219;18.0466;-11.2675;-217.077;-31.8285
34.7454;-238.933;42.2221;4.86959;-252.175;23.5552;42.3295;-245.337;31.903
32.761;-256.919;26.5756;30.1871;-276.746;23.7434;-0.786445;-168.574;-2.44453
-62.9953;-384.344;-18.2836;49.9771;-437.61;27.3695;27.8603;-421.013;-12.7968
-36.0507;-145.038;68.9933;-51.7699;-158.974;40.3519;-39.6514;-236.285;21.0997
-1.6126;-313.181;7.98854;-55.4574;-224.899;58.5645;30.433;-422.651;90.9874
16.5126;-131.836;70.0211;-42.6595;-61.5062;68.1424;-18.8899;-219.411;66.4807
-18.1543;-353.038;83.9544;18.8249;-685.316;22.6253;-23.5151;-572.877;-40.7539
33.8425;-401.262;92.9994;-57.6461;-184.825;94.3293;-60.4297;-432.263;103.361
45.5763;-434.558;55.2357;-17.8907;-603.217;27.3719;-4.94874;-457.012;7.80067
-77.3654;19.171;106.924;-97.9806;-289.402;181.596;-45.7451;140.231;75.0669
-74.6929;-235.957;100.283;27.5937;-420.401;90.8391;-33.9799;-252.661;56.9817
-66.4401;75.7172;83.1889;-107.05;101.642;73.639;-35.7504;-96.0272;152.968
-13.5852;171.714;52.0448;-47.9115;218.96;27.4204;-88.995;100.742;56.9747
-748.405;-1181.92;796.638;206.744;-1927.84;108.472;133.431;-1188.12;-106.436
36.6612;-704.546;22.2742;-5.46738;-359.281;85.5776;-53.7762;-391.206;223.226
5.61114;-152.798;86.4661;4.99577;-8.37561;26.6919;-60.5539;-53.895;58.9865
-6.99099;22.9854;23.4544;-0.405715;90.4401;8.33691;-12.6676;100.186;-24.4613
-26.0469;-66.6227;124.939;-39.0679;-55.7142;72.659;-71.2926;61.0127;72.9811
-35.239;78.1706;36.9929;8.7272;-9.57279;33.3948;-55.7338;112.895;-23.0674
-45.1267;85.128;98.0215;6.94751;33.6173;35.7329;-47.1013;218.771;-35.3059
-17.1076;158.007;15.5783;-56.2203;309.871;-17.9907;63.2075;260.727;46.9833
-106.927;79.2911;100.337;77.5081;196.442;81.218;-112.116;77.6817;45.3428
107.536;-121.347;-14.6389;-126.222;249.024;-118.686;418.936;1539.41;679.854
-38.526;105.13;88.0491;-53.5787;199.143;8.39952;21.5569;212.715;59.2403
-2.07927;406.493;14.1157;1.23496;193.04;12.4661;-86.6011;296.589;-27.1159
-36.992;175.494;35.1181;-14.7255;147.887;5.27541;8.54946;426.9;-56.62
-11.3364;-14.4588;22.8996;-65.678;66.5528;47.4816;20.6398;-20.774;79.3416
-11.86;184.025;-32.2833;-33.6406;48.7126;39.6755;-9.20342;115.313;8.38896
11.5884;-96.8308;8.219;5.25788;-106.263;-1.07742;-9.2403;-85.897;-2.92635
0.460662;-115.058;1.50137;1.13731;-107.548;-1.28921;1.75985;-109.787;-0.262403
-5.18979;-26.7048;1.1799;-0.445882;-27.0597;6.78215;0.88803;-32.35;4.62419
1.80583;-47.2819;3.12082;-6.7427;-69.6555;-4.7466;-1.58781;-44.0507;-6.2923
0.0108315;-3.94348;1.52839;-0.799366;-4.99205;1.64117;0.864906;-1.32912;-2.39653
-0.734935;-4.52027;-1.34243;0.251269;-9.3259;1.86498;-1.51302;-7.478;-3.54741
-30.7336;-93.0698;64.1722;-4.41015;-184.754;47.4038;-46.9929;-156.823;33.7781
5.03462;-144.499;65.283;35.6278;-239.627;48.1902;6.5321;-183.048;50.7498
-39.9072;-128.774;36.7872;48.9504;-247.651;11.04;-77.0502;-209.446;-13.8637
-51.9719;-33.7315;80.2018;-51.2516;-228.489;102.431;-27.6393;-251.911;69.2716
-82.227;-104.095;98.45;-17.5683;-349.525;132.782;-29.3882;-164.33;107.18
-25.8766;-228.919;152.492;77.6315;-312.503;165.731;-33.0565;-390.362;116.103
-72.1427;-1.18151;108.341;-46.088;-113.055;117.069;-47.6046;-402.239;205.764
577.511;-7.83618;-104.445;331.741;140.205;-124.13;304.045;-33.2327;14.1644
488.39;-21.1856;-56.6239;190.391;4.0521;-51.77;187.274;219.352;62.9136
-2.24104;-29.2147;-0.0826287;-7.71432;-45.5958;-2.5945;-0.588075;-32.9402;-3.72388
15.8678;-78.3543;6.20325;-12.3629;-85.6216;-5.42718;9.20638;-62.1556;14.4785
5.21044;-4.76883;6.28585;5.92948;-9.73968;3.00508;-7.61164;-39.9047;-4.96909
-3.05866;-22.0683;-2.32923;-3.67937;-26.5753;0.219884;-9.02099;-32.3877;-5.70881
6.39049;-14.8424;5.02389;-1.42443;-12.7452;-0.367358;-1.64269;-9.97112;4.81389
-4.97921;-61.4385;-1.65986;-2.11788;-46.3827;5.8226;1.61595;-52.4595;7.4444
-1.0686;-40.1452;8.37507;0.329471;-53.1031;2.27025;-4.51183;-44.0033;-0.00519034
5.41212;-101.608;4.2342;-3.80926;-102.75;-2.65422;-4.32359;-101.489;3.24276
-7.47952;-69.0152;-2.16917;-2.33274;-64.4253;8.90479;2.92812;-61.4921;5.90302
-8.56923;-84.1078;-2.68937;-1.57943;-73.8416;6.72275;5.96571;-82.1539;8.65786
-6.51371;-27.4181;-1.51782;-4.54224;-16.1561;2.09824;2.28968;-17.1915;6.01297
-1.16969;-108.846;-2.5647;-4.35568;-106.038;-2.55658;7.08399;-103.606;2.77103
1.98061;-15.1604;7.79694;-6.58663;-26.4117;-4.61526;-6.72006;-14.0602;0.514808
-1.62936;-18.4265;-5.06596;-2.8551;-13.9401;-2.28004;-2.39729;-22.5731;0.63598
1.6884;-5.52133;4.78349;4.42164;-9.53282;2.40894;-4.68629;-12.9289;-3.89432
-1.33578;-8.94555;0.103077;-0.342744;-5.64175;1.85582;0.0415134;-7.03951;3.79339
-4.34075;-13.2629;-2.71468;-0.879087;-5.30626;0.759393;0.85884;-6.4253;3.34678
-0.205335;-6.83296;-1.19772;-0.832062;-0.314738;-3.03577;0.927674;-3.74152;1.19271
-2.05893;-22.9546;-0.213681;0.16511;-17.0476;-6.18445;-1.35081;-12.6939;-2.83885
0.906234;-4.95613;0.440127;-0.261939;-5.53861;-2.16524;1.03855;0.466057;2.31067
-1.52602;-30.2036;1.96886;-0.665962;-38.2035;7.03883;-2.4573;-38.1247;0.785758
-16.3337;-28.7481;-7.39039;-13.0772;-16.4057;-2.0392;10.1852;-13.8917;6.06575
-13.1588;-145.593;62.7351;6.62848;-289.711;77.2786;33.2451;-153.548;72.9056
-43.1512;-320.631;27.2491;-26.1167;-388.601;3.46851;-11.1508;-242.917;80.3025
-89.2447;-465.613;232.717;-162.63;-562.538;310.253;-156.407;55.8653;85.8331
15.1489;-662.003;-14.8917;-89.2153;-691.557;233.376;82.4699;-1083.82;37.4453
6.76707;-515.595;294.949;-366.502;-495.801;379.672;39.4842;-1536.85;107.618
-2.92499;262.108;3.79652;90.4196;135.121;7.19236;-73.3851;-17.1322;79.0697
-190.385;-363.583;232.941;-160.266;4.36119;71.8882;278.845;236.81;-167.3
-169.686;1475.52;683.242;610.587;-6128.5;596.62;-502.981;-2662.71;610.48
288.427;71.6926;-7.10088;770.476;-124.584;-221.074;-106.241;215.136;-19.7098
-43.0091;-426.618;123.423;-67.3457;-59.0001;108.591;-34.1544;-232.818;156.654
-30.9358;120.413;68.5114;-45.1521;-227.605;151.887;-22.5497;-65.8884;129.061
-3.37205;-232.686;146.758;-132.888;-27.2691;138.497;6.96414;-313.186;173.647
0.634874;271.798;-0.601172;-61.0506;29.1821;113.555;-66.3609;93.8726;58.1975
-70.026;126.213;-30.0415;1437.16;421.006;693.882;249.725;-110.458;-174.324
24.1223;271.097;11.1809;-6.78975;405.834;4.74126;33.1269;406.663;-7.4835
-167.592;-42.2189;-192.79;780.681;82.4435;-37.258;1105.72;-37.4545;-84.0729
-2.17836;-28.8272;-4.43335;0.16336;-36.7637;3.0618;-5.57932;-44.8291;-3.35513
-60.8154;-14.9601;107.723;32.1029;15.8197;-25.9579;-55.3268;-60.6108;127.951
-3.54567;-86.8424;-4.00555;-9.1192;-85.024;-1.11219;1.19786;-83.0894;5.42681
-7.6591;-72.4324;-2.49774;-5.31549;-68.8617;4.1378;-2.47321;-62.1255;0.799168
-24.6062;-120.968;-14.7249;-38.4964;-114.867;-10.8137;23.2142;-69.1614;16.1955
0.38383;-20.1861;-0.6708;-2.4932;-10.6244;-3.75129;0.92841;-9.61258;2.8931
-1.25255;-8.50274;-4.42148;-2.31278;-12.2222;-0.323353;-1.57499;-16.4988;-2.69895
-118.006;-39.6384;93.1984;121.265;149.162;-1.91789;207.514;55.7478;-47.0302
-50.5704;439.555;-7.84037;221.824;203.25;50.8159;-4.25069;271.042;15.2537
